<?xml version="1.0" encoding="UTF-8"?>    
<!DOCTYPE log4j:configuration PUBLIC "-//APACHE//DTD LOG4J 1.2//EN" "log4j.dtd">  
<log4j:configuration xmlns:log4j="http://jakarta.apache.org/log4j/">  
  <!-- [控制台STDOUT] -->  
  <appender name="console" class="org.apache.log4j.ConsoleAppender">  
     <param name="encoding" value="GBK" />  
     <param name="target" value="System.out" />  
     <layout class="org.apache.log4j.PatternLayout">  
       <param name="ConversionPattern" value="%-5p %c{2} - %m%n" />  
     </layout>  
  </appender>  
  
  <!-- [公共Appender] -->  
  <appender name="DEFAULT-APPENDER" class="org.apache.log4j.DailyRollingFileAppender">  
     <param name="File" value="${webapp.root}/logs/common-default.log" />  
     <param name="Append" value="true" />  
     <param name="encoding" value="GBK" />  
     <param name="DatePattern" value="'.'yyyy-MM-dd'.log'" />  
     <layout class="org.apache.log4j.PatternLayout">  
    <param name="ConversionPattern" value="%d %-5p %c{2} - %m%n" />  
     </layout>  
   </appender>  
  
   <!-- [错误日志APPENDER] -->  
   <appender name="ERROR-APPENDER" class="org.apache.log4j.DailyRollingFileAppender">  
     <param name="File" value="${webapp.root}/logs/common-error.log" />  
     <param name="Append" value="true" />  
     <param name="encoding" value="GBK" />  
     <param name="threshold" value="error" />  
     <param name="DatePattern" value="'.'yyyy-MM-dd'.log'" />  
     <layout class="org.apache.log4j.PatternLayout">  
        <param name="ConversionPattern" value="%d %-5p %c{2} - %m%n" />  
     </layout>  
   </appender>  
  
   <!-- [组件日志APPENDER] -->  
   <appender name="COMPONENT-APPENDER"  
class="org.apache.log4j.DailyRollingFileAppender">  
     <param name="File" value="${webapp.root}/logs/logistics-component.log" />  
     <param name="Append" value="true" />  
     <param name="encoding" value="GBK" />  
     <param name="DatePattern" value="'.'yyyy-MM-dd'.log'" />  
     <layout class="org.apache.log4j.PatternLayout">  
    <param name="ConversionPattern" value="%d %-5p %c{2} - %m%n" />  
     </layout>  
   </appender>  
  
   <!-- [组件日志] -->  
   <logger name="LOGISTICS-COMPONENT">  
      <level value="${loggingLevel}" />  
      <appender-ref ref="COMPONENT-APPENDER" />  
      <appender-ref ref="ERROR-APPENDER" />  
   </logger>  
  
   <!-- Root Logger -->  
   <root>  
       <level value="${rootLevel}"></level>  
       <appender-ref ref="DEFAULT-APPENDER" />  
       <appender-ref ref="ERROR-APPENDER" />  
       <appender-ref ref="console" /> 
       <appender-ref ref="COMPONENT-APPENDER" /> 
   </root>  
</log4j:configuration>  