<?xml version="1.0" encoding="UTF-8"?>
<beans
	xmlns="http://www.springframework.org/schema/beans"
	xmlns:xsi="http://www.w3.org/2001/XMLSchema-instance" 
	xmlns:dubbo="http://code.alibabatech.com/schema/dubbo"
	xsi:schemaLocation="
		http://www.springframework.org/schema/beans http://www.springframework.org/schema/beans/spring-beans.xsd      
	 	http://code.alibabatech.com/schema/dubbo http://code.alibabatech.com/schema/dubbo/dubbo.xsd
 	">
 	
 	
	<!-- consumer application name -->
	<dubbo:application name="shop-web" />
	<dubbo:monitor protocol="registry"/>  
	<dubbo:consumer timeout="200000" check="false" retries="0" />
	<dubbo:registry address="${zookeeper.address}" />
	

	<!-- goods数据接口 -->
	<dubbo:reference interface="com.zs.pig.goods.api.service.CartService" id="CartService" />
	<dubbo:reference interface="com.zs.pig.goods.api.service.FloorProductService" id="FloorProductService" />
	<dubbo:reference interface="com.zs.pig.goods.api.service.FloorService" id="FloorService" />
	<dubbo:reference interface="com.zs.pig.goods.api.service.GoodsOrderService" id="GoodsOrderService" />
	<dubbo:reference interface="com.zs.pig.goods.api.service.ProductClassService" id="ProductClassService" />
	<dubbo:reference interface="com.zs.pig.goods.api.service.ProductService" id="ProductService" />
	<dubbo:reference interface="com.zs.pig.goods.api.service.ProductTypeService" id="ProductTypeService" />
	<dubbo:reference interface="com.zs.pig.goods.api.service.ReplyService" id="ReplyService" />
	<dubbo:reference interface="com.zs.pig.goods.api.service.ArticleService" id="ArticleService" />
		<!-- member数据接口 -->
	<dubbo:reference interface="com.zs.pig.user.api.service.MemberService" id="MemberService"/>
			<!-- order数据接口 -->
	<dubbo:reference interface="com.zs.pig.order.api.service.OrderService" id="OrderService" />
	<dubbo:reference interface="com.zs.pig.order.api.service.OrderLogService" id="OrderLogService" />
</beans>
