<?xml version="1.0" encoding="UTF-8"?>
<!-- 
 Copyright (c) 2017 Yanzheng [https://github.com/micyo202/yan]

 Permission is hereby granted, free of charge, to any person obtaining a copy
 of this software and associated documentation files (the "Software"), to deal
 in the Software without restriction, including without limitation the rights
 to use, copy, modify, merge, publish, distribute, sublicense, and/or sell
 copies of the Software, and to permit persons to whom the Software is
 furnished to do so, subject to the following conditions:

 The above copyright notice and this permission notice shall be included in all
 copies or substantial portions of the Software.

 THE SOFTWARE IS PROVIDED "AS IS", WITHOUT WARRANTY OF ANY KIND, EXPRESS OR
 IMPLIED, INCLUDING BUT NOT LIMITED TO THE WARRANTIES OF MERCHANTABILITY,
 FITNESS FOR A PARTICULAR PURPOSE AND NONINFRINGEMENT. IN NO EVENT SHALL THE
 AUTHORS OR COPYRIGHT HOLDERS BE LIABLE FOR ANY CLAIM, DAMAGES OR OTHER
 LIABILITY, WHETHER IN AN ACTION OF CONTRACT, TORT OR OTHERWISE, ARISING FROM,
 OUT OF OR IN CONNECTION WITH THE SOFTWARE OR THE USE OR OTHER DEALINGS IN THE
 SOFTWARE.
 -->
<beans xmlns="http://www.springframework.org/schema/beans"
       xmlns:xsi="http://www.w3.org/2001/XMLSchema-instance"
       xsi:schemaLocation="http://www.springframework.org/schema/beans http://www.springframework.org/schema/beans/spring-beans.xsd"
       default-lazy-init="true">

    <!-- 缓存管理器 使用 Ehcache 实现 -->
    <bean id="shiroCacheManager" class="org.apache.shiro.cache.ehcache.EhCacheManager">
        <property name="cacheManagerConfigFile" value="classpath:ehcache.xml"/>
    </bean>

    <!-- 自定义的域 realm -->
    <bean id="shiroRealm" class="com.yan.core.shiro.ShiroRealm">
        <property name="cachingEnabled" value="true"/>
        <!-- 启用身份验证缓存，即缓存AuthenticationInfo信息，默认false -->
        <property name="authenticationCachingEnabled" value="true"/>
        <!-- 缓存AuthenticationInfo信息的缓存名称 -->
        <property name="authenticationCacheName" value="authenticationCache"/>
        <property name="authorizationCachingEnabled" value="true"/>
        <property name="authorizationCacheName" value="authorizationCache"/>
    </bean>

    <!-- 会话ID生成器 -->
    <bean id="sessionIdGenerator" class="org.apache.shiro.session.mgt.eis.JavaUuidSessionIdGenerator"/>

    <!-- 会话Cookie模板 -->
    <bean id="sessionIdCookie" class="org.apache.shiro.web.servlet.SimpleCookie">
        <constructor-arg value="SHIROSESSIONID"/>
        <property name="httpOnly" value="true"/>
        <property name="maxAge" value="#{30 * 60 * 1000}"/>
    </bean>

    <bean id="rememberMeCookie" class="org.apache.shiro.web.servlet.SimpleCookie">
        <constructor-arg value="rememberMe"/>
        <property name="httpOnly" value="true"/>
        <!-- 默认记住7天（单位：秒）采用spring el计算方便修改 -->
        <property name="maxAge" value="#{7 * 24 * 60 * 60}"/>
    </bean>

    <!-- rememberMe管理器 -->
    <bean id="rememberMeManager" class="org.apache.shiro.web.mgt.CookieRememberMeManager">
        <property name="cipherKey" value="#{T(org.apache.shiro.codec.Base64).decode('WWFuemhlbmcg5Lil5q2jAA==')}"/>
        <property name="cookie" ref="rememberMeCookie"/>
    </bean>

    <!-- 会话DAO -->
    <bean id="sessionDAO" class="org.apache.shiro.session.mgt.eis.EnterpriseCacheSessionDAO">
        <property name="activeSessionsCacheName" value="activeSessionCache"/>
        <property name="sessionIdGenerator" ref="sessionIdGenerator"/>
    </bean>

    <!-- 会话验证调度器 -->
    <bean id="sessionValidationScheduler" class="org.apache.shiro.session.mgt.quartz.QuartzSessionValidationScheduler">
        <!-- 间隔多久检测一次session是否有效，单位：毫秒 设置30分钟 -->
        <property name="sessionValidationInterval" value="#{30 * 60 * 1000}"/>
        <property name="sessionManager" ref="sessionManager"/>
    </bean>

    <!-- 会话管理配置 -->
    <bean id="sessionManager" class="org.apache.shiro.web.session.mgt.DefaultWebSessionManager">
        <!-- 设置全局会话超时时间，单位：毫秒 设置30分钟 -->
        <property name="globalSessionTimeout" value="#{30 * 60 * 1000}"/>
        <!-- 去掉 url 尾部中的 JSESSIONID -->
        <property name="sessionIdUrlRewritingEnabled" value="false"/>
        <property name="deleteInvalidSessions" value="true"/>
        <property name="sessionValidationSchedulerEnabled" value="true"/>
        <property name="sessionValidationScheduler" ref="sessionValidationScheduler"/>
        <property name="sessionDAO" ref="sessionDAO"/>
        <property name="sessionIdCookieEnabled" value="true"/>
        <property name="sessionIdCookie" ref="sessionIdCookie"/>
    </bean>

    <!-- 配置安全管理器 -->
    <bean id="securityManager" class="org.apache.shiro.web.mgt.DefaultWebSecurityManager">
        <!--设置自定义Realm -->
        <property name="realm" ref="shiroRealm"/>
        <property name="cacheManager" ref="shiroCacheManager"/>
        <property name="rememberMeManager" ref="rememberMeManager"/>
    </bean>

    <!-- 相当于调用SecurityUtils.setSecurityManager(securityManager) -->
    <bean class="org.springframework.beans.factory.config.MethodInvokingFactoryBean">
        <property name="staticMethod" value="org.apache.shiro.SecurityUtils.setSecurityManager"/>
        <property name="arguments" ref="securityManager"/>
    </bean>

    <!-- Shiro Filter -->
    <bean id="shiroFilter" class="org.apache.shiro.spring.web.ShiroFilterFactoryBean">
        <property name="securityManager" ref="securityManager"/>
        <property name="loginUrl" value="/login"/>
        <property name="unauthorizedUrl" value="/403/error"/>
        <property name="filterChainDefinitions">
            <value>
                /resources/** = anon
                /common/login/signin = anon
                /** = authc
            </value>
        </property>
    </bean>

    <!-- 保证实现了Shiro内部lifecycle函数的bean执行（shiro 生命周期处理器） -->
    <bean id="lifecycleBeanPostProcessor" class="org.apache.shiro.spring.LifecycleBeanPostProcessor"/>

    <!-- 开启Shiro的注解(如@RequiresRoles,@RequiresPermissions),需借助SpringAOP扫描使用Shiro注解的类,并在必要时进行安全逻辑验证 -->
    <!-- 配置以下两个bean即可实现此功能 -->
    <!--
    <bean class="org.springframework.aop.framework.autoproxy.DefaultAdvisorAutoProxyCreator" depends-on="lifecycleBeanPostProcessor" />
    <bean class="org.apache.shiro.spring.security.interceptor.AuthorizationAttributeSourceAdvisor">
        <property name="securityManager" ref="securityManager" />
    </bean>
     -->

</beans>