<?xml version="1.0" encoding="UTF-8"?>
<!DOCTYPE mapper PUBLIC "-//mybatis.org//DTD Mapper 3.0//EN" "http://mybatis.org/dtd/mybatis-3-mapper.dtd">
<mapper namespace="com.yan.dao.mapper.product.TbProductMapper">
  <resultMap id="BaseResultMap" type="com.yan.dao.model.product.TbProduct">
    <!--
      WARNING - @mbg.generated
      This element is automatically generated by MyBatis Generator, do not modify.
      This element was generated on Thu Jan 18 14:39:09 CST 2018.
    -->
    <id column="PRODUCT_CODE" jdbcType="VARCHAR" property="productCode" />
    <result column="PRODUCT_NAME" jdbcType="VARCHAR" property="productName" />
    <result column="PRODUCT_PRICE" jdbcType="DECIMAL" property="productPrice" />
    <result column="PRODUCT_NUM" jdbcType="INTEGER" property="productNum" />
    <result column="PRODUCT_USER" jdbcType="VARCHAR" property="productUser" />
    <result column="PRODUCT_DATE" jdbcType="TIMESTAMP" property="productDate" />
    <result column="PRODUCT_TYPE" jdbcType="VARCHAR" property="productType" />
    <result column="PRODUCT_STATUS" jdbcType="BIT" property="productStatus" />
  </resultMap>
  <sql id="Example_Where_Clause">
    <!--
      WARNING - @mbg.generated
      This element is automatically generated by MyBatis Generator, do not modify.
      This element was generated on Thu Jan 18 14:39:09 CST 2018.
    -->
    <where>
      <foreach collection="oredCriteria" item="criteria" separator="or">
        <if test="criteria.valid">
          <trim prefix="(" prefixOverrides="and" suffix=")">
            <foreach collection="criteria.criteria" item="criterion">
              <choose>
                <when test="criterion.noValue">
                  and ${criterion.condition}
                </when>
                <when test="criterion.singleValue">
                  and ${criterion.condition} #{criterion.value}
                </when>
                <when test="criterion.betweenValue">
                  and ${criterion.condition} #{criterion.value} and #{criterion.secondValue}
                </when>
                <when test="criterion.listValue">
                  and ${criterion.condition}
                  <foreach close=")" collection="criterion.value" item="listItem" open="(" separator=",">
                    #{listItem}
                  </foreach>
                </when>
              </choose>
            </foreach>
          </trim>
        </if>
      </foreach>
    </where>
  </sql>
  <sql id="Update_By_Example_Where_Clause">
    <!--
      WARNING - @mbg.generated
      This element is automatically generated by MyBatis Generator, do not modify.
      This element was generated on Thu Jan 18 14:39:09 CST 2018.
    -->
    <where>
      <foreach collection="example.oredCriteria" item="criteria" separator="or">
        <if test="criteria.valid">
          <trim prefix="(" prefixOverrides="and" suffix=")">
            <foreach collection="criteria.criteria" item="criterion">
              <choose>
                <when test="criterion.noValue">
                  and ${criterion.condition}
                </when>
                <when test="criterion.singleValue">
                  and ${criterion.condition} #{criterion.value}
                </when>
                <when test="criterion.betweenValue">
                  and ${criterion.condition} #{criterion.value} and #{criterion.secondValue}
                </when>
                <when test="criterion.listValue">
                  and ${criterion.condition}
                  <foreach close=")" collection="criterion.value" item="listItem" open="(" separator=",">
                    #{listItem}
                  </foreach>
                </when>
              </choose>
            </foreach>
          </trim>
        </if>
      </foreach>
    </where>
  </sql>
  <sql id="Base_Column_List">
    <!--
      WARNING - @mbg.generated
      This element is automatically generated by MyBatis Generator, do not modify.
      This element was generated on Thu Jan 18 14:39:09 CST 2018.
    -->
    PRODUCT_CODE, PRODUCT_NAME, PRODUCT_PRICE, PRODUCT_NUM, PRODUCT_USER, PRODUCT_DATE, 
    PRODUCT_TYPE, PRODUCT_STATUS
  </sql>
  <select id="selectByExample" parameterType="com.yan.dao.model.product.TbProductExample" resultMap="BaseResultMap">
    <!--
      WARNING - @mbg.generated
      This element is automatically generated by MyBatis Generator, do not modify.
      This element was generated on Thu Jan 18 14:39:09 CST 2018.
    -->
    select
    <if test="distinct">
      distinct
    </if>
    <include refid="Base_Column_List" />
    from TB_PRODUCT
    <if test="_parameter != null">
      <include refid="Example_Where_Clause" />
    </if>
    <if test="orderByClause != null">
      order by ${orderByClause}
    </if>
  </select>
  <select id="selectByPrimaryKey" parameterType="java.lang.String" resultMap="BaseResultMap">
    <!--
      WARNING - @mbg.generated
      This element is automatically generated by MyBatis Generator, do not modify.
      This element was generated on Thu Jan 18 14:39:09 CST 2018.
    -->
    select 
    <include refid="Base_Column_List" />
    from TB_PRODUCT
    where PRODUCT_CODE = #{productCode,jdbcType=VARCHAR}
  </select>
  <delete id="deleteByPrimaryKey" parameterType="java.lang.String">
    <!--
      WARNING - @mbg.generated
      This element is automatically generated by MyBatis Generator, do not modify.
      This element was generated on Thu Jan 18 14:39:09 CST 2018.
    -->
    delete from TB_PRODUCT
    where PRODUCT_CODE = #{productCode,jdbcType=VARCHAR}
  </delete>
  <delete id="deleteByExample" parameterType="com.yan.dao.model.product.TbProductExample">
    <!--
      WARNING - @mbg.generated
      This element is automatically generated by MyBatis Generator, do not modify.
      This element was generated on Thu Jan 18 14:39:09 CST 2018.
    -->
    delete from TB_PRODUCT
    <if test="_parameter != null">
      <include refid="Example_Where_Clause" />
    </if>
  </delete>
  <insert id="insert" parameterType="com.yan.dao.model.product.TbProduct">
    <!--
      WARNING - @mbg.generated
      This element is automatically generated by MyBatis Generator, do not modify.
      This element was generated on Thu Jan 18 14:39:09 CST 2018.
    -->
    insert into TB_PRODUCT (PRODUCT_CODE, PRODUCT_NAME, PRODUCT_PRICE, 
      PRODUCT_NUM, PRODUCT_USER, PRODUCT_DATE, 
      PRODUCT_TYPE, PRODUCT_STATUS)
    values (#{productCode,jdbcType=VARCHAR}, #{productName,jdbcType=VARCHAR}, #{productPrice,jdbcType=DECIMAL}, 
      #{productNum,jdbcType=INTEGER}, #{productUser,jdbcType=VARCHAR}, #{productDate,jdbcType=TIMESTAMP}, 
      #{productType,jdbcType=VARCHAR}, #{productStatus,jdbcType=BIT})
  </insert>
  <insert id="insertSelective" parameterType="com.yan.dao.model.product.TbProduct">
    <!--
      WARNING - @mbg.generated
      This element is automatically generated by MyBatis Generator, do not modify.
      This element was generated on Thu Jan 18 14:39:09 CST 2018.
    -->
    insert into TB_PRODUCT
    <trim prefix="(" suffix=")" suffixOverrides=",">
      <if test="productCode != null">
        PRODUCT_CODE,
      </if>
      <if test="productName != null">
        PRODUCT_NAME,
      </if>
      <if test="productPrice != null">
        PRODUCT_PRICE,
      </if>
      <if test="productNum != null">
        PRODUCT_NUM,
      </if>
      <if test="productUser != null">
        PRODUCT_USER,
      </if>
      <if test="productDate != null">
        PRODUCT_DATE,
      </if>
      <if test="productType != null">
        PRODUCT_TYPE,
      </if>
      <if test="productStatus != null">
        PRODUCT_STATUS,
      </if>
    </trim>
    <trim prefix="values (" suffix=")" suffixOverrides=",">
      <if test="productCode != null">
        #{productCode,jdbcType=VARCHAR},
      </if>
      <if test="productName != null">
        #{productName,jdbcType=VARCHAR},
      </if>
      <if test="productPrice != null">
        #{productPrice,jdbcType=DECIMAL},
      </if>
      <if test="productNum != null">
        #{productNum,jdbcType=INTEGER},
      </if>
      <if test="productUser != null">
        #{productUser,jdbcType=VARCHAR},
      </if>
      <if test="productDate != null">
        #{productDate,jdbcType=TIMESTAMP},
      </if>
      <if test="productType != null">
        #{productType,jdbcType=VARCHAR},
      </if>
      <if test="productStatus != null">
        #{productStatus,jdbcType=BIT},
      </if>
    </trim>
  </insert>
  <select id="countByExample" parameterType="com.yan.dao.model.product.TbProductExample" resultType="java.lang.Long">
    <!--
      WARNING - @mbg.generated
      This element is automatically generated by MyBatis Generator, do not modify.
      This element was generated on Thu Jan 18 14:39:09 CST 2018.
    -->
    select count(*) from TB_PRODUCT
    <if test="_parameter != null">
      <include refid="Example_Where_Clause" />
    </if>
  </select>
  <update id="updateByExampleSelective" parameterType="map">
    <!--
      WARNING - @mbg.generated
      This element is automatically generated by MyBatis Generator, do not modify.
      This element was generated on Thu Jan 18 14:39:09 CST 2018.
    -->
    update TB_PRODUCT
    <set>
      <if test="record.productCode != null">
        PRODUCT_CODE = #{record.productCode,jdbcType=VARCHAR},
      </if>
      <if test="record.productName != null">
        PRODUCT_NAME = #{record.productName,jdbcType=VARCHAR},
      </if>
      <if test="record.productPrice != null">
        PRODUCT_PRICE = #{record.productPrice,jdbcType=DECIMAL},
      </if>
      <if test="record.productNum != null">
        PRODUCT_NUM = #{record.productNum,jdbcType=INTEGER},
      </if>
      <if test="record.productUser != null">
        PRODUCT_USER = #{record.productUser,jdbcType=VARCHAR},
      </if>
      <if test="record.productDate != null">
        PRODUCT_DATE = #{record.productDate,jdbcType=TIMESTAMP},
      </if>
      <if test="record.productType != null">
        PRODUCT_TYPE = #{record.productType,jdbcType=VARCHAR},
      </if>
      <if test="record.productStatus != null">
        PRODUCT_STATUS = #{record.productStatus,jdbcType=BIT},
      </if>
    </set>
    <if test="_parameter != null">
      <include refid="Update_By_Example_Where_Clause" />
    </if>
  </update>
  <update id="updateByExample" parameterType="map">
    <!--
      WARNING - @mbg.generated
      This element is automatically generated by MyBatis Generator, do not modify.
      This element was generated on Thu Jan 18 14:39:09 CST 2018.
    -->
    update TB_PRODUCT
    set PRODUCT_CODE = #{record.productCode,jdbcType=VARCHAR},
      PRODUCT_NAME = #{record.productName,jdbcType=VARCHAR},
      PRODUCT_PRICE = #{record.productPrice,jdbcType=DECIMAL},
      PRODUCT_NUM = #{record.productNum,jdbcType=INTEGER},
      PRODUCT_USER = #{record.productUser,jdbcType=VARCHAR},
      PRODUCT_DATE = #{record.productDate,jdbcType=TIMESTAMP},
      PRODUCT_TYPE = #{record.productType,jdbcType=VARCHAR},
      PRODUCT_STATUS = #{record.productStatus,jdbcType=BIT}
    <if test="_parameter != null">
      <include refid="Update_By_Example_Where_Clause" />
    </if>
  </update>
  <update id="updateByPrimaryKeySelective" parameterType="com.yan.dao.model.product.TbProduct">
    <!--
      WARNING - @mbg.generated
      This element is automatically generated by MyBatis Generator, do not modify.
      This element was generated on Thu Jan 18 14:39:09 CST 2018.
    -->
    update TB_PRODUCT
    <set>
      <if test="productName != null">
        PRODUCT_NAME = #{productName,jdbcType=VARCHAR},
      </if>
      <if test="productPrice != null">
        PRODUCT_PRICE = #{productPrice,jdbcType=DECIMAL},
      </if>
      <if test="productNum != null">
        PRODUCT_NUM = #{productNum,jdbcType=INTEGER},
      </if>
      <if test="productUser != null">
        PRODUCT_USER = #{productUser,jdbcType=VARCHAR},
      </if>
      <if test="productDate != null">
        PRODUCT_DATE = #{productDate,jdbcType=TIMESTAMP},
      </if>
      <if test="productType != null">
        PRODUCT_TYPE = #{productType,jdbcType=VARCHAR},
      </if>
      <if test="productStatus != null">
        PRODUCT_STATUS = #{productStatus,jdbcType=BIT},
      </if>
    </set>
    where PRODUCT_CODE = #{productCode,jdbcType=VARCHAR}
  </update>
  <update id="updateByPrimaryKey" parameterType="com.yan.dao.model.product.TbProduct">
    <!--
      WARNING - @mbg.generated
      This element is automatically generated by MyBatis Generator, do not modify.
      This element was generated on Thu Jan 18 14:39:09 CST 2018.
    -->
    update TB_PRODUCT
    set PRODUCT_NAME = #{productName,jdbcType=VARCHAR},
      PRODUCT_PRICE = #{productPrice,jdbcType=DECIMAL},
      PRODUCT_NUM = #{productNum,jdbcType=INTEGER},
      PRODUCT_USER = #{productUser,jdbcType=VARCHAR},
      PRODUCT_DATE = #{productDate,jdbcType=TIMESTAMP},
      PRODUCT_TYPE = #{productType,jdbcType=VARCHAR},
      PRODUCT_STATUS = #{productStatus,jdbcType=BIT}
    where PRODUCT_CODE = #{productCode,jdbcType=VARCHAR}
  </update>
</mapper>