<?xml version="1.0" encoding="UTF-8"?>
<beans xmlns="http://www.springframework.org/schema/beans"
	xmlns:xsi="http://www.w3.org/2001/XMLSchema-instance" xmlns:mvc="http://www.springframework.org/schema/mvc"
	xmlns:context="http://www.springframework.org/schema/context"
	xmlns:aop="http://www.springframework.org/schema/aop"
	xsi:schemaLocation="
		http://www.springframework.org/schema/beans 
		http://www.springframework.org/schema/beans/spring-beans.xsd 
	    http://www.springframework.org/schema/mvc
        http://www.springframework.org/schema/mvc/spring-mvc.xsd
		http://www.springframework.org/schema/context 
		http://www.springframework.org/schema/context/spring-context.xsd
		http://www.springframework.org/schema/aop
		http://www.springframework.org/schema/aop/spring-aop.xsd"
	default-lazy-init="false">


	 <bean id="beetlConfig" class="org.beetl.ext.spring.BeetlGroupUtilConfiguration"
		init-method="init">
		<property name="configFileResource" value="classpath:/beetl/beetl.properties" />
		<property name="functionPackages">
			<map>
				
				<entry key="auth" value-ref="authUserFunctions" />
				 <entry key="productClass" value-ref="productClassFunctions" />
				
				<entry key="selectUtil" value-ref="selectFunctions" />
				<entry key="goods" value-ref="goodsFunction" />
				<entry key="dgoods" value-ref="dgoodsFunction" />
			</map>
		</property>
	</bean>

	<bean id="viewResolver" class="org.beetl.ext.spring.BeetlSpringViewResolver">
		<property name="suffix" value=".html" />
		<property name="contentType" value="text/html;charset=UTF-8" />
	</bean>

</beans>