<?xml version="1.0" encoding="UTF-8"?>
<beans xmlns="http://www.springframework.org/schema/beans"
	xmlns:xsi="http://www.w3.org/2001/XMLSchema-instance"
	xmlns:context="http://www.springframework.org/schema/context"
	xmlns:aop="http://www.springframework.org/schema/aop"
	xsi:schemaLocation="
		http://www.springframework.org/schema/beans 
		http://www.springframework.org/schema/beans/spring-beans.xsd 
		http://www.springframework.org/schema/context
		http://www.springframework.org/schema/context/spring-context.xsd
		http://www.springframework.org/schema/aop
		http://www.springframework.org/schema/aop/spring-aop.xsd"
	default-lazy-init="false">
	
    <bean id="configProperties" class="org.springframework.beans.factory.config.PropertiesFactoryBean">
	        <property name="locations">
	            <list>
	                <value>classpath:/config/properties/app.properties</value>
	            </list>
	        </property>
	    </bean>
	
	    <bean id="propertyConfigurer" class="org.springframework.beans.factory.config.PreferencesPlaceholderConfigurer">
	        <property name="properties" ref="configProperties" />
	    </bean>

	<!-- 扫描的包路径 去掉mvc的注解 -->
	<context:component-scan base-package="com.zs.pig">
		<context:exclude-filter type="annotation"
			expression="org.springframework.stereotype.Controller" />
	</context:component-scan>
	
	<!-- 启用aop注解 -->
	<aop:aspectj-autoproxy expose-proxy="true"/>
	
	  <import resource="classpath*:/config/spring/spring-config-beetl.xml" /> 
	 
         <import resource="classpath*:/config/dubbo/webDubbo.xml" />  
         <import resource="classpath:/config/spring/brave-dubbo.xml" />  
</beans>