<?xml version="1.0" encoding="UTF-8"?>
<beans xmlns="http://www.springframework.org/schema/beans"
	xmlns:xsi="http://www.w3.org/2001/XMLSchema-instance" xmlns:context="http://www.springframework.org/schema/context"
	xmlns:mybatis-spring="http://mybatis.org/schema/mybatis-spring"
	xmlns:tx="http://www.springframework.org/schema/tx"
	xsi:schemaLocation="http://www.springframework.org/schema/beans http://www.springframework.org/schema/beans/spring-beans-3.2.xsd
		http://www.springframework.org/schema/context http://www.springframework.org/schema/context/spring-context-3.2.xsd
		http://mybatis.org/schema/mybatis-spring http://mybatis.org/schema/mybatis-spring-1.2.xsd
		http://www.springframework.org/schema/tx http://www.springframework.org/schema/tx/spring-tx-3.2.xsd">

    <bean class="org.mybatis.spring.mapper.MapperScannerConfigurer">
        <property name="basePackage" value="com.zs.pig.user.mapper"/>
        <property name="sqlSessionFactoryBeanName" value="sqlSessionFactory"/>
    </bean>
    
    <!-- 配置sqlSessionFactory -->
     <bean id="sqlSessionFactory" class="org.mybatis.spring.SqlSessionFactoryBean">
        <property name="dataSource" ref="shardingDataSource"/>
        
        <property name="mapperLocations">
            <list>
                <value>classpath:com/zs/pig/user/mapper/*.xml</value>
                <!-- 定时任务需要的mapper -->
                <value>classpath*:com/zs/pig/schedule/config/dao/mapper/*.xml</value>
            </list>
        </property>
    </bean>
    
    
    <!-- 配置好dataSourceRulue,即对数据源进行管理 -->
    <bean id="dataSourceRule" class="com.dangdang.ddframe.rdb.sharding.api.rule.DataSourceRule">
        <constructor-arg>
            <map>
                <entry key="shop_member_0" value-ref="shop_member_0"/>
                <entry key="shop_member_1" value-ref="shop_member_1"/>
            </map>
        </constructor-arg>
    </bean>
    
    <!-- 对t_member表的配置，进行分库配置，逻辑表名为t_member，每个库有实际的三张表 -->
    <bean id="userTableRule" class="com.dangdang.ddframe.rdb.sharding.api.rule.TableRule">
        <constructor-arg value="t_member" index="0"/>
        <constructor-arg index="1">
            <list>
                <value>t_member_0</value>
                <value>t_member_1</value>
                <value>t_member_2</value>
            </list>
        </constructor-arg>
        <constructor-arg index="2" ref="dataSourceRule"/>
        <constructor-arg index="3" ref="userDatabaseShardingStrategy"/>
        <constructor-arg index="4" ref="userTableShardingStrategy"/>
    </bean>
    
    <!-- t_member分库策略 -->
    <bean id="userDatabaseShardingStrategy" class="com.dangdang.ddframe.rdb.sharding.api.strategy.database.DatabaseShardingStrategy">
        <constructor-arg index="0" value="gold"/>
        <constructor-arg index="1">
            <bean class="com.zs.pig.user.algorithm.MemberSingleKeyDatabaseShardingAlgorithm" />
        </constructor-arg>
    </bean>
    
    <!-- t_member 分表策略 -->
    <bean id="userTableShardingStrategy" class="com.dangdang.ddframe.rdb.sharding.api.strategy.table.TableShardingStrategy">
        <constructor-arg index="0" value="gold"/>
        <constructor-arg index="1">
            <bean class="com.zs.pig.user.algorithm.MemberSingleKeyTableShardingAlgorithm" />
        </constructor-arg>
    </bean>
    
    
  
    
    <!-- 构成分库分表的规则 传入数据源集合和每个表的分库分表的具体规则 -->
    <bean id="shardingRule" class="com.dangdang.ddframe.rdb.sharding.api.rule.ShardingRule">
        <constructor-arg index="0" ref="dataSourceRule"/>
        <constructor-arg index="1">
            <list>
                <ref bean="userTableRule"/>
               <!--  <ref bean="studentTableRule"/> -->
            </list>
        </constructor-arg>
    </bean>
    
    <!-- 对datasource进行封装 -->
    <bean id="shardingDataSource" class="com.dangdang.ddframe.rdb.sharding.api.ShardingDataSource">
        <constructor-arg ref="shardingRule"/>
    </bean>

    <!-- 事务 -->
    <bean id="transactionManager"
          class="org.springframework.jdbc.datasource.DataSourceTransactionManager">
        <property name="dataSource" ref="shardingDataSource" />
    </bean>

    <tx:annotation-driven transaction-manager="transactionManager" />
		

</beans>
