<?xml version="1.0" encoding="UTF-8" ?>
<configuration scan="true">
    <property resource="config/properties/app.properties"/>
    <!--<property name="logLevel" value="INFO"/>
    <property name="logRoot" value="./log"/>
    <property name="logDefaultFile" value="info"/>
    <property name="logErrorDefaultFile" value="error"/>-->
    <property name="logAdditivity" value="${logAdditivity}"/>

    <!-- ================= 按输出级别分类 =================== -->
    <appender name="${logLevel}" class="ch.qos.logback.core.rolling.RollingFileAppender">
        <filter class="ch.qos.logback.classic.filter.ThresholdFilter">
            <level>${logLevel}</level>
            <onMatch>ACCEPT</onMatch>
            <onMismatch>DENY</onMismatch>
        </filter>
        <file>${logRoot}/pig-inf_${logLevel}.log</file>
        <encoder>
            <!--<pattern>%d{yyyy-MM-dd HH:mm:ss.SSS} [%thread] %-5level %logger{36} - %msg%n</pattern>-->
            <pattern>%date %level [%thread] %logger{10} [%file] %msg%n</pattern>
        </encoder>
        <rollingPolicy class="ch.qos.logback.core.rolling.TimeBasedRollingPolicy">
            <!-- rollover daily -->
            <fileNamePattern>${logRoot}/pig-inf_info_%d{yyyyMMdd}.%i.log</fileNamePattern>
            <maxHistory>30</maxHistory>
            <TimeBasedFileNamingAndTriggeringPolicy class="ch.qos.logback.core.rolling.SizeAndTimeBasedFNATP">
                <maxFileSize>500MB</maxFileSize>
            </TimeBasedFileNamingAndTriggeringPolicy>
        </rollingPolicy>
    </appender>

    <appender name="error" class="ch.qos.logback.core.rolling.RollingFileAppender">
        <filter class="ch.qos.logback.classic.filter.ThresholdFilter">
            <level>WARN</level>
        </filter>
        <file>${logRoot}/pig-inf_error.log</file>
        <encoder>
            <!--<pattern>%d{yyyy-MM-dd HH:mm:ss.SSS} [%thread] %-5level %logger{36} - %msg%n</pattern>-->
            <pattern>%date %level [%thread] %logger{10} [%file] %msg%n</pattern>
        </encoder>
        <rollingPolicy class="ch.qos.logback.core.rolling.TimeBasedRollingPolicy">
            <!-- rollover daily -->
            <fileNamePattern>${logRoot}/pig-inf_error_%d{yyyyMMdd}.%i.log</fileNamePattern>
            <maxHistory>30</maxHistory>
            <TimeBasedFileNamingAndTriggeringPolicy class="ch.qos.logback.core.rolling.SizeAndTimeBasedFNATP">
                <maxFileSize>500MB</maxFileSize>
            </TimeBasedFileNamingAndTriggeringPolicy>
        </rollingPolicy>
    </appender>

    <!-- ==================== 控制台输出 ===================== -->
    <appender name="STDOUT" class="ch.qos.logback.core.ConsoleAppender">
        <encoder>
            <!--<pattern>%d{yyyy-MM-dd HH:mm:ss.SSS} [%thread] %-5level %logger{36} - %msg%n</pattern>-->
            <pattern>%date %level [%thread] %logger{10} [%file] %msg%n</pattern>
        </encoder>
        <filter class="ch.qos.logback.classic.filter.ThresholdFilter">
            <level>DEBUG</level>
        </filter>
    </appender>


    <!--myibatis log configure-->
    <!--<logger name="java.sql.Connection" level="DEBUG"/>
    <logger name="java.sql.Statement" level="DEBUG"/>
    <logger name="java.sql.PreparedStatement" level="DEBUG"/>-->
    <!--<logger name="org.apache.zookeeper" level="ERROR" >
        <appender-ref ref="error"/>
    </logger>-->
    <logger name="org.apache.zookeeper" level="WARN"/>
    <logger name="com.alibaba.dubbo" level="WARN"/>
    <logger name="com.mchange.v2.c3p0" level="WARN"/>

    <logger name="org.springframework" level="WARN" >
        <appender-ref ref="${logLevel}"/>
        <appender-ref ref="error"/>
    </logger>
    <logger name="com.ibatis" level="INFO" >
        <appender-ref ref="${logLevel}"/>
        <appender-ref ref="error"/>
    </logger>
    <logger name="com.zs.pig.blog" level="${logLevel}" >
        <appender-ref ref="in"/>
        <appender-ref ref="error"/>
    </logger>
    <logger name="com.pig.oss.support.aop.OssAspect" level="${logLevel}" >
        <appender-ref ref="in"/>
        <appender-ref ref="error"/>
    </logger>
    <logger name="com.pig.oss.support.dubbo.RemoteServiceFilter" level="${logLevel}" >
        <appender-ref ref="out"/>
        <appender-ref ref="error"/>
    </logger>

    <root>
        <level value="${logLevel}" />
        <appender-ref ref="${logLevel}" />
        <appender-ref ref="ERROR" />
        <appender-ref ref="STDOUT" />
    </root>

</configuration>
