<?xml version="1.0" encoding="UTF-8" ?>
<!-- 
 Copyright (c) 2017 Yanzheng [https://github.com/micyo202/yan]

 Permission is hereby granted, free of charge, to any person obtaining a copy
 of this software and associated documentation files (the "Software"), to deal
 in the Software without restriction, including without limitation the rights
 to use, copy, modify, merge, publish, distribute, sublicense, and/or sell
 copies of the Software, and to permit persons to whom the Software is
 furnished to do so, subject to the following conditions:

 The above copyright notice and this permission notice shall be included in all
 copies or substantial portions of the Software.

 THE SOFTWARE IS PROVIDED "AS IS", WITHOUT WARRANTY OF ANY KIND, EXPRESS OR
 IMPLIED, INCLUDING BUT NOT LIMITED TO THE WARRANTIES OF MERCHANTABILITY,
 FITNESS FOR A PARTICULAR PURPOSE AND NONINFRINGEMENT. IN NO EVENT SHALL THE
 AUTHORS OR COPYRIGHT HOLDERS BE LIABLE FOR ANY CLAIM, DAMAGES OR OTHER
 LIABILITY, WHETHER IN AN ACTION OF CONTRACT, TORT OR OTHERWISE, ARISING FROM,
 OUT OF OR IN CONNECTION WITH THE SOFTWARE OR THE USE OR OTHER DEALINGS IN THE
 SOFTWARE.
 -->
<!DOCTYPE generatorConfiguration PUBLIC "-//mybatis.org//DTD MyBatis Generator Configuration 1.0//EN"
        "http://mybatis.org/dtd/mybatis-generator-config_1_0.dtd" >
<generatorConfiguration>

    <!-- 引入 properties 配置文件 -->
    <properties resource="properties/mbg.properties"/>

    <!-- 数据库链接驱动包 -->
    <classPathEntry location="${mbg.jar}"/>

    <context id="MySqlTables" targetRuntime="MyBatis3">

        <!-- 生成的Java文件的编码 -->
        <property name="javaFileEncoding" value="UTF-8"/>

        <!-- 格式化java代码 -->
        <property name="javaFormatter" value="org.mybatis.generator.api.dom.DefaultJavaFormatter"/>

        <!-- 格式化XML代码 -->
        <property name="xmlFormatter" value="org.mybatis.generator.api.dom.DefaultXmlFormatter"/>

        <!-- 重命名插件 -->
        <!--
        <plugin type="org.mybatis.generator.plugins.RenameExampleClassPlugin">
            <property name="searchString" value="Example$" />
            <property name="replaceString" value="Criteria" />
        </plugin>
        -->

        <!-- 为生成的Java模型类添加序列化接口 -->
        <plugin type="org.mybatis.generator.plugins.SerializablePlugin"/>

        <!-- 为生成的Java模型创建一个toString方法 -->
        <plugin type="org.mybatis.generator.plugins.ToStringPlugin"/>

        <jdbcConnection driverClass="${mbg.db.driverClassName}" connectionURL="${mbg.db.url}"
                        userId="${mbg.db.username}" password="${mbg.db.password}"/>

        <!-- java类型处理器 用于处理DB中的类型到Java中的类型，默认使用JavaTypeResolverDefaultImpl； 注意一点，默认会先尝试使用Integer，Long，Short等来对应DECIMAL和 NUMERIC数据类型； -->
        <javaTypeResolver>
            <property name="forceBigDecimals" value="false"/>
        </javaTypeResolver>

        <javaModelGenerator targetPackage="com.yan.dao.model.product" targetProject="${mbg.path}/java">
            <property name="enableSubPackages" value="false"/>
            <property name="trimStrings" value="true"/>
        </javaModelGenerator>

        <sqlMapGenerator targetPackage="mybatis.product" targetProject="${mbg.path}/resources">
            <property name="enableSubPackages" value="false"/>
        </sqlMapGenerator>

        <javaClientGenerator targetPackage="com.yan.dao.mapper.product" targetProject="${mbg.path}/java"
                             type="XMLMAPPER">
            <property name="enableSubPackages" value="false"/>
        </javaClientGenerator>

        <table schema="" tableName="TB_PRODUCT"/>

    </context>
</generatorConfiguration>