<?xml version="1.0" encoding="UTF-8"?>
<!-- 
 Copyright (c) 2017 Yanzheng [https://github.com/micyo202/yan]

 Permission is hereby granted, free of charge, to any person obtaining a copy
 of this software and associated documentation files (the "Software"), to deal
 in the Software without restriction, including without limitation the rights
 to use, copy, modify, merge, publish, distribute, sublicense, and/or sell
 copies of the Software, and to permit persons to whom the Software is
 furnished to do so, subject to the following conditions:

 The above copyright notice and this permission notice shall be included in all
 copies or substantial portions of the Software.

 THE SOFTWARE IS PROVIDED "AS IS", WITHOUT WARRANTY OF ANY KIND, EXPRESS OR
 IMPLIED, INCLUDING BUT NOT LIMITED TO THE WARRANTIES OF MERCHANTABILITY,
 FITNESS FOR A PARTICULAR PURPOSE AND NONINFRINGEMENT. IN NO EVENT SHALL THE
 AUTHORS OR COPYRIGHT HOLDERS BE LIABLE FOR ANY CLAIM, DAMAGES OR OTHER
 LIABILITY, WHETHER IN AN ACTION OF CONTRACT, TORT OR OTHERWISE, ARISING FROM,
 OUT OF OR IN CONNECTION WITH THE SOFTWARE OR THE USE OR OTHER DEALINGS IN THE
 SOFTWARE.
 -->
<!-- 管理员菜单xml配置 -->
<adminMenu>
    <menu name="用户与权限管理" icon="zmdi zmdi-accounts">
        <menuItem>
            <name>用户管理</name>
            <url>/common/user/manage</url>
        </menuItem>
        <menuItem>
            <name>权限管理</name>
            <url>/common/permission/manage</url>
        </menuItem>
    </menu>
    <menu name="角色与资源管理" icon="zmdi zmdi-lock-outline">
        <menuItem>
            <name>角色管理</name>
            <url>/common/role/manage</url>
        </menuItem>
        <menuItem>
            <name>菜单资源管理</name>
            <url>/common/menu/manage</url>
        </menuItem>
    </menu>
    <menu name="其他数据管理" icon="zmdi zmdi-more">
        <menuItem>
            <name>日志记录</name>
            <url>/common/logging/manage</url>
        </menuItem>
        <menuItem>
            <name>监控信息</name>
            <url>/druid/index.html</url>
        </menuItem>
    </menu>
    <menu name="帮助文档" icon="zmdi zmdi-help">
        <menuItem>
            <name>界面UI模板</name>
            <url>/template</url>
        </menuItem>
        <menuItem>
            <name>API帮助文档</name>
            <url>/resources/doc/index.html</url>
        </menuItem>
    </menu>
</adminMenu>