<?xml version="1.0" encoding="UTF-8"?>
<!-- 
 Copyright (c) 2017 Yanzheng [https://github.com/micyo202/yan]

 Permission is hereby granted, free of charge, to any person obtaining a copy
 of this software and associated documentation files (the "Software"), to deal
 in the Software without restriction, including without limitation the rights
 to use, copy, modify, merge, publish, distribute, sublicense, and/or sell
 copies of the Software, and to permit persons to whom the Software is
 furnished to do so, subject to the following conditions:

 The above copyright notice and this permission notice shall be included in all
 copies or substantial portions of the Software.

 THE SOFTWARE IS PROVIDED "AS IS", WITHOUT WARRANTY OF ANY KIND, EXPRESS OR
 IMPLIED, INCLUDING BUT NOT LIMITED TO THE WARRANTIES OF MERCHANTABILITY,
 FITNESS FOR A PARTICULAR PURPOSE AND NONINFRINGEMENT. IN NO EVENT SHALL THE
 AUTHORS OR COPYRIGHT HOLDERS BE LIABLE FOR ANY CLAIM, DAMAGES OR OTHER
 LIABILITY, WHETHER IN AN ACTION OF CONTRACT, TORT OR OTHERWISE, ARISING FROM,
 OUT OF OR IN CONNECTION WITH THE SOFTWARE OR THE USE OR OTHER DEALINGS IN THE
 SOFTWARE.
 -->
<ehcache updateCheck="false" dynamicConfig="false">

    <diskStore path="java.io.tmpdir"/>

    <cache name="authorizationCache"
           maxEntriesLocalHeap="2000"
           eternal="false"
           timeToIdleSeconds="1800"
           timeToLiveSeconds="1800"
           overflowToDisk="false"
           statistics="true"/>

    <cache name="authenticationCache"
           maxEntriesLocalHeap="2000"
           eternal="false"
           timeToIdleSeconds="1800"
           timeToLiveSeconds="1800"
           overflowToDisk="false"
           statistics="true"/>

    <cache name="activeSessionCache"
           maxEntriesLocalHeap="2000"
           eternal="false"
           timeToIdleSeconds="1800"
           timeToLiveSeconds="1800"
           overflowToDisk="false"
           statistics="true"/>

    <!-- 缓存半小时 -->
    <cache name="halfHour"
           maxElementsInMemory="10000"
           maxElementsOnDisk="100000"
           eternal="false"
           timeToIdleSeconds="1800"
           timeToLiveSeconds="1800"
           overflowToDisk="false"
           diskPersistent="false"/>

    <!-- 缓存一小时 -->
    <cache name="hour"
           maxElementsInMemory="10000"
           maxElementsOnDisk="100000"
           eternal="false"
           timeToIdleSeconds="3600"
           timeToLiveSeconds="3600"
           overflowToDisk="false"
           diskPersistent="false"/>

    <!-- 缓存一天 -->
    <cache name="oneDay"
           maxElementsInMemory="10000"
           maxElementsOnDisk="100000"
           eternal="false"
           timeToIdleSeconds="86400"
           timeToLiveSeconds="86400"
           overflowToDisk="false"
           diskPersistent="false"/>

    <!-- name:缓存名称
        maxElementsInMemory：缓存最大个数
        eternal:对象是否永久有效，一但设置了，timeout将不起作用
        timeToIdleSeconds：设置对象在失效前的允许闲置时间（单位：秒）
        仅当eternal=false对象不是永久有效时使用，可选属性，默认值是0，也就是可闲置时间无穷大
        timeToLiveSeconds：设置对象在失效前允许存活时间（单位：秒），最大时间介于创建时间和失效时间之间，仅当eternal=false对象不是永久有效时使用，默认是0，也就是对象存活时间无穷大
        overflowToDisk：当内存中对象数量达到maxElementsInMemory时，Ehcache将会对象写到磁盘中
        diskSpoolBufferSizeMB：这个参数设置DiskStore（磁盘缓存）的缓存区大小，默认是30MB；每个Cache都应该有自己的一个缓冲区
        maxElementsOnDisk：硬盘最大缓存个数
        diskPersistent：是否缓存虚拟机重启期数据 Whether the disk store persists between restarts of the Virtual Machine. The default value  is false
        diskExpiryThreadIntervalSeconds：磁盘失效线程运行时间间隔，默认是120秒
        memoryStoreEvictionPolicy：当达到maxElementsInMemory限制时，Ehcache将会根据指定的策略去清理内存，默认策略是LRU（最近最少使用），你可以设置为FIFO（先进先出）或是LFU（较少使用）
        clearOnFlush：内存数量最大时是否清除 -->
    <defaultCache name="defaultCache"
                  maxElementsInMemory="10000"
                  eternal="false"
                  timeToIdleSeconds="120"
                  timeToLiveSeconds="120"
                  overflowToDisk="false"
                  maxElementsOnDisk="100000"
                  diskPersistent="false"
                  diskExpiryThreadIntervalSeconds="120"
                  memoryStoreEvictionPolicy="LRU"/>

</ehcache>