<?xml version="1.0" encoding="UTF-8"?>
<beans xmlns="http://www.springframework.org/schema/beans"
	xmlns:xsi="http://www.w3.org/2001/XMLSchema-instance"
	xmlns:mvc="http://www.springframework.org/schema/mvc"
    xmlns:context="http://www.springframework.org/schema/context"
	xmlns:aop="http://www.springframework.org/schema/aop"
	xsi:schemaLocation="
		http://www.springframework.org/schema/beans 
		http://www.springframework.org/schema/beans/spring-beans.xsd 
	    http://www.springframework.org/schema/mvc
         http://www.springframework.org/schema/mvc/spring-mvc.xsd
		http://www.springframework.org/schema/context 
		http://www.springframework.org/schema/context/spring-context.xsd
		http://www.springframework.org/schema/aop
		http://www.springframework.org/schema/aop/spring-aop.xsd"
	default-lazy-init="false">

	<!-- 加载配置 -->
	<context:property-placeholder  ignore-unresolvable="true" location="classpath:/config/properties/app.properties"/>

	<!-- 只扫描Controller 注解 -->
	<context:component-scan base-package="com.zs.pig" use-default-filters="false">
		<context:include-filter type="annotation"
			expression="org.springframework.stereotype.Controller" />
		<context:include-filter type="annotation"
            expression="org.springframework.web.bind.annotation.ControllerAdvice"/>
	</context:component-scan>

	<!-- 开启controller层aspect注解支持 -->
	<aop:aspectj-autoproxy expose-proxy="true"/>

	<mvc:annotation-driven>
		<mvc:message-converters register-defaults="true">
			 <!-- StringHttpMessageConverter编码为UTF-8，防止乱码 -->
            <bean class="org.springframework.http.converter.StringHttpMessageConverter">
                <constructor-arg value="UTF-8"/>
                <property name = "supportedMediaTypes">
                    <list>
                        <bean class="org.springframework.http.MediaType">
                            <constructor-arg index="0" value="text"/>
                            <constructor-arg index="1" value="plain"/>
                            <constructor-arg index="2" value="UTF-8"/>
                        </bean>
                        <bean class="org.springframework.http.MediaType">
                            <constructor-arg index="0" value="*"/>
                            <constructor-arg index="1" value="*"/>
                            <constructor-arg index="2" value="UTF-8"/>
                        </bean>
                    </list>
                </property>
            </bean>

            <!-- 避免IE执行AJAX时,返回JSON出现下载文件 -->
            <bean id="fastJsonHttpMessageConverter" class="com.alibaba.fastjson.support.spring.FastJsonHttpMessageConverter">
                <property name="supportedMediaTypes">
                    <list>
                        <value>application/json;charset=UTF-8</value>
                    </list>
                </property>
                <!--<property name="serializerFeature">-->
                	<!--这个地方加上这个功能吧，能自己配置一些东西，比如时间的格式化，null输出""等等-->
                <!--</property>-->
            </bean>
		</mvc:message-converters>
	</mvc:annotation-driven>

	 <mvc:view-controller path="/" view-name="redirect:/front"/> 

	<!-- 当在web.xml 中   DispatcherServlet使用 <url-pattern>/</url-pattern> 映射时，能映射静态资源 -->
	<mvc:default-servlet-handler />

	
	
	

	<!-- 文件上传配置 -->
	<bean id="multipartResolver"
		class="org.springframework.web.multipart.commons.CommonsMultipartResolver">
		<property name="defaultEncoding" value="UTF-8" /> <!-- 默认编码 (ISO-8859-1) -->
		<property name="maxInMemorySize" value="10240" /> <!-- 最大内存大小 (10240) -->
		<property name="maxUploadSize" value="-1" /> <!-- 最大文件大小，-1为无限止(-1) -->
	</bean>

</beans>