<?xml version="1.0" encoding="UTF-8"?>
<!DOCTYPE mapper PUBLIC "-//mybatis.org//DTD Mapper 3.0//EN" "http://mybatis.org/dtd/mybatis-3-mapper.dtd">
<mapper namespace="com.yan.dao.mapper.logging.LoggingEventExceptionMapper">
  <resultMap id="BaseResultMap" type="com.yan.dao.model.logging.LoggingEventException">
    <!--
      WARNING - @mbg.generated
      This element is automatically generated by MyBatis Generator, do not modify.
      This element was generated on Fri Sep 15 16:14:57 CST 2017.
    -->
    <id column="event_id" jdbcType="BIGINT" property="eventId" />
    <id column="i" jdbcType="SMALLINT" property="i" />
    <result column="trace_line" jdbcType="VARCHAR" property="traceLine" />
  </resultMap>
  <sql id="Example_Where_Clause">
    <!--
      WARNING - @mbg.generated
      This element is automatically generated by MyBatis Generator, do not modify.
      This element was generated on Fri Sep 15 16:14:57 CST 2017.
    -->
    <where>
      <foreach collection="oredCriteria" item="criteria" separator="or">
        <if test="criteria.valid">
          <trim prefix="(" prefixOverrides="and" suffix=")">
            <foreach collection="criteria.criteria" item="criterion">
              <choose>
                <when test="criterion.noValue">
                  and ${criterion.condition}
                </when>
                <when test="criterion.singleValue">
                  and ${criterion.condition} #{criterion.value}
                </when>
                <when test="criterion.betweenValue">
                  and ${criterion.condition} #{criterion.value} and #{criterion.secondValue}
                </when>
                <when test="criterion.listValue">
                  and ${criterion.condition}
                  <foreach close=")" collection="criterion.value" item="listItem" open="(" separator=",">
                    #{listItem}
                  </foreach>
                </when>
              </choose>
            </foreach>
          </trim>
        </if>
      </foreach>
    </where>
  </sql>
  <sql id="Update_By_Example_Where_Clause">
    <!--
      WARNING - @mbg.generated
      This element is automatically generated by MyBatis Generator, do not modify.
      This element was generated on Fri Sep 15 16:14:57 CST 2017.
    -->
    <where>
      <foreach collection="example.oredCriteria" item="criteria" separator="or">
        <if test="criteria.valid">
          <trim prefix="(" prefixOverrides="and" suffix=")">
            <foreach collection="criteria.criteria" item="criterion">
              <choose>
                <when test="criterion.noValue">
                  and ${criterion.condition}
                </when>
                <when test="criterion.singleValue">
                  and ${criterion.condition} #{criterion.value}
                </when>
                <when test="criterion.betweenValue">
                  and ${criterion.condition} #{criterion.value} and #{criterion.secondValue}
                </when>
                <when test="criterion.listValue">
                  and ${criterion.condition}
                  <foreach close=")" collection="criterion.value" item="listItem" open="(" separator=",">
                    #{listItem}
                  </foreach>
                </when>
              </choose>
            </foreach>
          </trim>
        </if>
      </foreach>
    </where>
  </sql>
  <sql id="Base_Column_List">
    <!--
      WARNING - @mbg.generated
      This element is automatically generated by MyBatis Generator, do not modify.
      This element was generated on Fri Sep 15 16:14:57 CST 2017.
    -->
    event_id, i, trace_line
  </sql>
  <select id="selectByExample" parameterType="com.yan.dao.model.logging.LoggingEventExceptionExample" resultMap="BaseResultMap">
    <!--
      WARNING - @mbg.generated
      This element is automatically generated by MyBatis Generator, do not modify.
      This element was generated on Fri Sep 15 16:14:57 CST 2017.
    -->
    select
    <if test="distinct">
      distinct
    </if>
    <include refid="Base_Column_List" />
    from logging_event_exception
    <if test="_parameter != null">
      <include refid="Example_Where_Clause" />
    </if>
    <if test="orderByClause != null">
      order by ${orderByClause}
    </if>
  </select>
  <select id="selectByPrimaryKey" parameterType="com.yan.dao.model.logging.LoggingEventExceptionKey" resultMap="BaseResultMap">
    <!--
      WARNING - @mbg.generated
      This element is automatically generated by MyBatis Generator, do not modify.
      This element was generated on Fri Sep 15 16:14:57 CST 2017.
    -->
    select 
    <include refid="Base_Column_List" />
    from logging_event_exception
    where event_id = #{eventId,jdbcType=BIGINT}
      and i = #{i,jdbcType=SMALLINT}
  </select>
  <delete id="deleteByPrimaryKey" parameterType="com.yan.dao.model.logging.LoggingEventExceptionKey">
    <!--
      WARNING - @mbg.generated
      This element is automatically generated by MyBatis Generator, do not modify.
      This element was generated on Fri Sep 15 16:14:57 CST 2017.
    -->
    delete from logging_event_exception
    where event_id = #{eventId,jdbcType=BIGINT}
      and i = #{i,jdbcType=SMALLINT}
  </delete>
  <delete id="deleteByExample" parameterType="com.yan.dao.model.logging.LoggingEventExceptionExample">
    <!--
      WARNING - @mbg.generated
      This element is automatically generated by MyBatis Generator, do not modify.
      This element was generated on Fri Sep 15 16:14:57 CST 2017.
    -->
    delete from logging_event_exception
    <if test="_parameter != null">
      <include refid="Example_Where_Clause" />
    </if>
  </delete>
  <insert id="insert" parameterType="com.yan.dao.model.logging.LoggingEventException">
    <!--
      WARNING - @mbg.generated
      This element is automatically generated by MyBatis Generator, do not modify.
      This element was generated on Fri Sep 15 16:14:57 CST 2017.
    -->
    insert into logging_event_exception (event_id, i, trace_line
      )
    values (#{eventId,jdbcType=BIGINT}, #{i,jdbcType=SMALLINT}, #{traceLine,jdbcType=VARCHAR}
      )
  </insert>
  <insert id="insertSelective" parameterType="com.yan.dao.model.logging.LoggingEventException">
    <!--
      WARNING - @mbg.generated
      This element is automatically generated by MyBatis Generator, do not modify.
      This element was generated on Fri Sep 15 16:14:57 CST 2017.
    -->
    insert into logging_event_exception
    <trim prefix="(" suffix=")" suffixOverrides=",">
      <if test="eventId != null">
        event_id,
      </if>
      <if test="i != null">
        i,
      </if>
      <if test="traceLine != null">
        trace_line,
      </if>
    </trim>
    <trim prefix="values (" suffix=")" suffixOverrides=",">
      <if test="eventId != null">
        #{eventId,jdbcType=BIGINT},
      </if>
      <if test="i != null">
        #{i,jdbcType=SMALLINT},
      </if>
      <if test="traceLine != null">
        #{traceLine,jdbcType=VARCHAR},
      </if>
    </trim>
  </insert>
  <select id="countByExample" parameterType="com.yan.dao.model.logging.LoggingEventExceptionExample" resultType="java.lang.Long">
    <!--
      WARNING - @mbg.generated
      This element is automatically generated by MyBatis Generator, do not modify.
      This element was generated on Fri Sep 15 16:14:57 CST 2017.
    -->
    select count(*) from logging_event_exception
    <if test="_parameter != null">
      <include refid="Example_Where_Clause" />
    </if>
  </select>
  <update id="updateByExampleSelective" parameterType="map">
    <!--
      WARNING - @mbg.generated
      This element is automatically generated by MyBatis Generator, do not modify.
      This element was generated on Fri Sep 15 16:14:57 CST 2017.
    -->
    update logging_event_exception
    <set>
      <if test="record.eventId != null">
        event_id = #{record.eventId,jdbcType=BIGINT},
      </if>
      <if test="record.i != null">
        i = #{record.i,jdbcType=SMALLINT},
      </if>
      <if test="record.traceLine != null">
        trace_line = #{record.traceLine,jdbcType=VARCHAR},
      </if>
    </set>
    <if test="_parameter != null">
      <include refid="Update_By_Example_Where_Clause" />
    </if>
  </update>
  <update id="updateByExample" parameterType="map">
    <!--
      WARNING - @mbg.generated
      This element is automatically generated by MyBatis Generator, do not modify.
      This element was generated on Fri Sep 15 16:14:57 CST 2017.
    -->
    update logging_event_exception
    set event_id = #{record.eventId,jdbcType=BIGINT},
      i = #{record.i,jdbcType=SMALLINT},
      trace_line = #{record.traceLine,jdbcType=VARCHAR}
    <if test="_parameter != null">
      <include refid="Update_By_Example_Where_Clause" />
    </if>
  </update>
  <update id="updateByPrimaryKeySelective" parameterType="com.yan.dao.model.logging.LoggingEventException">
    <!--
      WARNING - @mbg.generated
      This element is automatically generated by MyBatis Generator, do not modify.
      This element was generated on Fri Sep 15 16:14:57 CST 2017.
    -->
    update logging_event_exception
    <set>
      <if test="traceLine != null">
        trace_line = #{traceLine,jdbcType=VARCHAR},
      </if>
    </set>
    where event_id = #{eventId,jdbcType=BIGINT}
      and i = #{i,jdbcType=SMALLINT}
  </update>
  <update id="updateByPrimaryKey" parameterType="com.yan.dao.model.logging.LoggingEventException">
    <!--
      WARNING - @mbg.generated
      This element is automatically generated by MyBatis Generator, do not modify.
      This element was generated on Fri Sep 15 16:14:57 CST 2017.
    -->
    update logging_event_exception
    set trace_line = #{traceLine,jdbcType=VARCHAR}
    where event_id = #{eventId,jdbcType=BIGINT}
      and i = #{i,jdbcType=SMALLINT}
  </update>
</mapper>