<?xml version="1.0" encoding="UTF-8"?>
<!DOCTYPE mapper PUBLIC "-//mybatis.org//DTD Mapper 3.0//EN" "http://mybatis.org/dtd/mybatis-3-mapper.dtd">
<mapper namespace="com.yan.dao.mapper.logging.LoggingEventPropertyMapper">
  <resultMap id="BaseResultMap" type="com.yan.dao.model.logging.LoggingEventProperty">
    <!--
      WARNING - @mbg.generated
      This element is automatically generated by MyBatis Generator, do not modify.
      This element was generated on Fri Sep 15 16:14:13 CST 2017.
    -->
    <id column="event_id" jdbcType="BIGINT" property="eventId" />
    <id column="mapped_key" jdbcType="VARCHAR" property="mappedKey" />
  </resultMap>
  <resultMap extends="BaseResultMap" id="ResultMapWithBLOBs" type="com.yan.dao.model.logging.LoggingEventProperty">
    <!--
      WARNING - @mbg.generated
      This element is automatically generated by MyBatis Generator, do not modify.
      This element was generated on Fri Sep 15 16:14:13 CST 2017.
    -->
    <result column="mapped_value" jdbcType="LONGVARCHAR" property="mappedValue" />
  </resultMap>
  <sql id="Example_Where_Clause">
    <!--
      WARNING - @mbg.generated
      This element is automatically generated by MyBatis Generator, do not modify.
      This element was generated on Fri Sep 15 16:14:13 CST 2017.
    -->
    <where>
      <foreach collection="oredCriteria" item="criteria" separator="or">
        <if test="criteria.valid">
          <trim prefix="(" prefixOverrides="and" suffix=")">
            <foreach collection="criteria.criteria" item="criterion">
              <choose>
                <when test="criterion.noValue">
                  and ${criterion.condition}
                </when>
                <when test="criterion.singleValue">
                  and ${criterion.condition} #{criterion.value}
                </when>
                <when test="criterion.betweenValue">
                  and ${criterion.condition} #{criterion.value} and #{criterion.secondValue}
                </when>
                <when test="criterion.listValue">
                  and ${criterion.condition}
                  <foreach close=")" collection="criterion.value" item="listItem" open="(" separator=",">
                    #{listItem}
                  </foreach>
                </when>
              </choose>
            </foreach>
          </trim>
        </if>
      </foreach>
    </where>
  </sql>
  <sql id="Update_By_Example_Where_Clause">
    <!--
      WARNING - @mbg.generated
      This element is automatically generated by MyBatis Generator, do not modify.
      This element was generated on Fri Sep 15 16:14:13 CST 2017.
    -->
    <where>
      <foreach collection="example.oredCriteria" item="criteria" separator="or">
        <if test="criteria.valid">
          <trim prefix="(" prefixOverrides="and" suffix=")">
            <foreach collection="criteria.criteria" item="criterion">
              <choose>
                <when test="criterion.noValue">
                  and ${criterion.condition}
                </when>
                <when test="criterion.singleValue">
                  and ${criterion.condition} #{criterion.value}
                </when>
                <when test="criterion.betweenValue">
                  and ${criterion.condition} #{criterion.value} and #{criterion.secondValue}
                </when>
                <when test="criterion.listValue">
                  and ${criterion.condition}
                  <foreach close=")" collection="criterion.value" item="listItem" open="(" separator=",">
                    #{listItem}
                  </foreach>
                </when>
              </choose>
            </foreach>
          </trim>
        </if>
      </foreach>
    </where>
  </sql>
  <sql id="Base_Column_List">
    <!--
      WARNING - @mbg.generated
      This element is automatically generated by MyBatis Generator, do not modify.
      This element was generated on Fri Sep 15 16:14:13 CST 2017.
    -->
    event_id, mapped_key
  </sql>
  <sql id="Blob_Column_List">
    <!--
      WARNING - @mbg.generated
      This element is automatically generated by MyBatis Generator, do not modify.
      This element was generated on Fri Sep 15 16:14:13 CST 2017.
    -->
    mapped_value
  </sql>
  <select id="selectByExampleWithBLOBs" parameterType="com.yan.dao.model.logging.LoggingEventPropertyExample" resultMap="ResultMapWithBLOBs">
    <!--
      WARNING - @mbg.generated
      This element is automatically generated by MyBatis Generator, do not modify.
      This element was generated on Fri Sep 15 16:14:13 CST 2017.
    -->
    select
    <if test="distinct">
      distinct
    </if>
    <include refid="Base_Column_List" />
    ,
    <include refid="Blob_Column_List" />
    from logging_event_property
    <if test="_parameter != null">
      <include refid="Example_Where_Clause" />
    </if>
    <if test="orderByClause != null">
      order by ${orderByClause}
    </if>
  </select>
  <select id="selectByExample" parameterType="com.yan.dao.model.logging.LoggingEventPropertyExample" resultMap="BaseResultMap">
    <!--
      WARNING - @mbg.generated
      This element is automatically generated by MyBatis Generator, do not modify.
      This element was generated on Fri Sep 15 16:14:13 CST 2017.
    -->
    select
    <if test="distinct">
      distinct
    </if>
    <include refid="Base_Column_List" />
    from logging_event_property
    <if test="_parameter != null">
      <include refid="Example_Where_Clause" />
    </if>
    <if test="orderByClause != null">
      order by ${orderByClause}
    </if>
  </select>
  <select id="selectByPrimaryKey" parameterType="com.yan.dao.model.logging.LoggingEventPropertyKey" resultMap="ResultMapWithBLOBs">
    <!--
      WARNING - @mbg.generated
      This element is automatically generated by MyBatis Generator, do not modify.
      This element was generated on Fri Sep 15 16:14:13 CST 2017.
    -->
    select 
    <include refid="Base_Column_List" />
    ,
    <include refid="Blob_Column_List" />
    from logging_event_property
    where event_id = #{eventId,jdbcType=BIGINT}
      and mapped_key = #{mappedKey,jdbcType=VARCHAR}
  </select>
  <delete id="deleteByPrimaryKey" parameterType="com.yan.dao.model.logging.LoggingEventPropertyKey">
    <!--
      WARNING - @mbg.generated
      This element is automatically generated by MyBatis Generator, do not modify.
      This element was generated on Fri Sep 15 16:14:13 CST 2017.
    -->
    delete from logging_event_property
    where event_id = #{eventId,jdbcType=BIGINT}
      and mapped_key = #{mappedKey,jdbcType=VARCHAR}
  </delete>
  <delete id="deleteByExample" parameterType="com.yan.dao.model.logging.LoggingEventPropertyExample">
    <!--
      WARNING - @mbg.generated
      This element is automatically generated by MyBatis Generator, do not modify.
      This element was generated on Fri Sep 15 16:14:13 CST 2017.
    -->
    delete from logging_event_property
    <if test="_parameter != null">
      <include refid="Example_Where_Clause" />
    </if>
  </delete>
  <insert id="insert" parameterType="com.yan.dao.model.logging.LoggingEventProperty">
    <!--
      WARNING - @mbg.generated
      This element is automatically generated by MyBatis Generator, do not modify.
      This element was generated on Fri Sep 15 16:14:13 CST 2017.
    -->
    insert into logging_event_property (event_id, mapped_key, mapped_value
      )
    values (#{eventId,jdbcType=BIGINT}, #{mappedKey,jdbcType=VARCHAR}, #{mappedValue,jdbcType=LONGVARCHAR}
      )
  </insert>
  <insert id="insertSelective" parameterType="com.yan.dao.model.logging.LoggingEventProperty">
    <!--
      WARNING - @mbg.generated
      This element is automatically generated by MyBatis Generator, do not modify.
      This element was generated on Fri Sep 15 16:14:13 CST 2017.
    -->
    insert into logging_event_property
    <trim prefix="(" suffix=")" suffixOverrides=",">
      <if test="eventId != null">
        event_id,
      </if>
      <if test="mappedKey != null">
        mapped_key,
      </if>
      <if test="mappedValue != null">
        mapped_value,
      </if>
    </trim>
    <trim prefix="values (" suffix=")" suffixOverrides=",">
      <if test="eventId != null">
        #{eventId,jdbcType=BIGINT},
      </if>
      <if test="mappedKey != null">
        #{mappedKey,jdbcType=VARCHAR},
      </if>
      <if test="mappedValue != null">
        #{mappedValue,jdbcType=LONGVARCHAR},
      </if>
    </trim>
  </insert>
  <select id="countByExample" parameterType="com.yan.dao.model.logging.LoggingEventPropertyExample" resultType="java.lang.Long">
    <!--
      WARNING - @mbg.generated
      This element is automatically generated by MyBatis Generator, do not modify.
      This element was generated on Fri Sep 15 16:14:13 CST 2017.
    -->
    select count(*) from logging_event_property
    <if test="_parameter != null">
      <include refid="Example_Where_Clause" />
    </if>
  </select>
  <update id="updateByExampleSelective" parameterType="map">
    <!--
      WARNING - @mbg.generated
      This element is automatically generated by MyBatis Generator, do not modify.
      This element was generated on Fri Sep 15 16:14:13 CST 2017.
    -->
    update logging_event_property
    <set>
      <if test="record.eventId != null">
        event_id = #{record.eventId,jdbcType=BIGINT},
      </if>
      <if test="record.mappedKey != null">
        mapped_key = #{record.mappedKey,jdbcType=VARCHAR},
      </if>
      <if test="record.mappedValue != null">
        mapped_value = #{record.mappedValue,jdbcType=LONGVARCHAR},
      </if>
    </set>
    <if test="_parameter != null">
      <include refid="Update_By_Example_Where_Clause" />
    </if>
  </update>
  <update id="updateByExampleWithBLOBs" parameterType="map">
    <!--
      WARNING - @mbg.generated
      This element is automatically generated by MyBatis Generator, do not modify.
      This element was generated on Fri Sep 15 16:14:13 CST 2017.
    -->
    update logging_event_property
    set event_id = #{record.eventId,jdbcType=BIGINT},
      mapped_key = #{record.mappedKey,jdbcType=VARCHAR},
      mapped_value = #{record.mappedValue,jdbcType=LONGVARCHAR}
    <if test="_parameter != null">
      <include refid="Update_By_Example_Where_Clause" />
    </if>
  </update>
  <update id="updateByExample" parameterType="map">
    <!--
      WARNING - @mbg.generated
      This element is automatically generated by MyBatis Generator, do not modify.
      This element was generated on Fri Sep 15 16:14:13 CST 2017.
    -->
    update logging_event_property
    set event_id = #{record.eventId,jdbcType=BIGINT},
      mapped_key = #{record.mappedKey,jdbcType=VARCHAR}
    <if test="_parameter != null">
      <include refid="Update_By_Example_Where_Clause" />
    </if>
  </update>
  <update id="updateByPrimaryKeySelective" parameterType="com.yan.dao.model.logging.LoggingEventProperty">
    <!--
      WARNING - @mbg.generated
      This element is automatically generated by MyBatis Generator, do not modify.
      This element was generated on Fri Sep 15 16:14:13 CST 2017.
    -->
    update logging_event_property
    <set>
      <if test="mappedValue != null">
        mapped_value = #{mappedValue,jdbcType=LONGVARCHAR},
      </if>
    </set>
    where event_id = #{eventId,jdbcType=BIGINT}
      and mapped_key = #{mappedKey,jdbcType=VARCHAR}
  </update>
  <update id="updateByPrimaryKeyWithBLOBs" parameterType="com.yan.dao.model.logging.LoggingEventProperty">
    <!--
      WARNING - @mbg.generated
      This element is automatically generated by MyBatis Generator, do not modify.
      This element was generated on Fri Sep 15 16:14:13 CST 2017.
    -->
    update logging_event_property
    set mapped_value = #{mappedValue,jdbcType=LONGVARCHAR}
    where event_id = #{eventId,jdbcType=BIGINT}
      and mapped_key = #{mappedKey,jdbcType=VARCHAR}
  </update>
</mapper>