<?xml version="1.0" encoding="UTF-8"?>
<!DOCTYPE mapper PUBLIC "-//mybatis.org//DTD Mapper 3.0//EN" "http://mybatis.org/dtd/mybatis-3-mapper.dtd">
<mapper namespace="com.yan.dao.mapper.user.SysUserMapper">
  <resultMap id="BaseResultMap" type="com.yan.dao.model.user.SysUser">
    <!--
      WARNING - @mbg.generated
      This element is automatically generated by MyBatis Generator, do not modify.
      This element was generated on Thu Sep 14 18:04:32 CST 2017.
    -->
    <id column="USER_ID" jdbcType="VARCHAR" property="userId" />
    <id column="USER_CODE" jdbcType="VARCHAR" property="userCode" />
    <result column="USER_NAME" jdbcType="VARCHAR" property="userName" />
    <result column="USER_PASSWORD" jdbcType="VARCHAR" property="userPassword" />
    <result column="USER_ADDRESS" jdbcType="VARCHAR" property="userAddress" />
    <result column="USER_EMAIL" jdbcType="VARCHAR" property="userEmail" />
    <result column="USER_PHONE" jdbcType="VARCHAR" property="userPhone" />
    <result column="USER_BIRTHDAY" jdbcType="DATE" property="userBirthday" />
    <result column="USER_JOINDATE" jdbcType="TIMESTAMP" property="userJoindate" />
    <result column="USER_PHOTO" jdbcType="VARCHAR" property="userPhoto" />
    <result column="USER_TYPE" jdbcType="VARCHAR" property="userType" />
    <result column="USER_VALID" jdbcType="BIT" property="userValid" />
  </resultMap>
  <sql id="Example_Where_Clause">
    <!--
      WARNING - @mbg.generated
      This element is automatically generated by MyBatis Generator, do not modify.
      This element was generated on Thu Sep 14 18:04:32 CST 2017.
    -->
    <where>
      <foreach collection="oredCriteria" item="criteria" separator="or">
        <if test="criteria.valid">
          <trim prefix="(" prefixOverrides="and" suffix=")">
            <foreach collection="criteria.criteria" item="criterion">
              <choose>
                <when test="criterion.noValue">
                  and ${criterion.condition}
                </when>
                <when test="criterion.singleValue">
                  and ${criterion.condition} #{criterion.value}
                </when>
                <when test="criterion.betweenValue">
                  and ${criterion.condition} #{criterion.value} and #{criterion.secondValue}
                </when>
                <when test="criterion.listValue">
                  and ${criterion.condition}
                  <foreach close=")" collection="criterion.value" item="listItem" open="(" separator=",">
                    #{listItem}
                  </foreach>
                </when>
              </choose>
            </foreach>
          </trim>
        </if>
      </foreach>
    </where>
  </sql>
  <sql id="Update_By_Example_Where_Clause">
    <!--
      WARNING - @mbg.generated
      This element is automatically generated by MyBatis Generator, do not modify.
      This element was generated on Thu Sep 14 18:04:32 CST 2017.
    -->
    <where>
      <foreach collection="example.oredCriteria" item="criteria" separator="or">
        <if test="criteria.valid">
          <trim prefix="(" prefixOverrides="and" suffix=")">
            <foreach collection="criteria.criteria" item="criterion">
              <choose>
                <when test="criterion.noValue">
                  and ${criterion.condition}
                </when>
                <when test="criterion.singleValue">
                  and ${criterion.condition} #{criterion.value}
                </when>
                <when test="criterion.betweenValue">
                  and ${criterion.condition} #{criterion.value} and #{criterion.secondValue}
                </when>
                <when test="criterion.listValue">
                  and ${criterion.condition}
                  <foreach close=")" collection="criterion.value" item="listItem" open="(" separator=",">
                    #{listItem}
                  </foreach>
                </when>
              </choose>
            </foreach>
          </trim>
        </if>
      </foreach>
    </where>
  </sql>
  <sql id="Base_Column_List">
    <!--
      WARNING - @mbg.generated
      This element is automatically generated by MyBatis Generator, do not modify.
      This element was generated on Thu Sep 14 18:04:32 CST 2017.
    -->
    USER_ID, USER_CODE, USER_NAME, USER_PASSWORD, USER_ADDRESS, USER_EMAIL, USER_PHONE, 
    USER_BIRTHDAY, USER_JOINDATE, USER_PHOTO, USER_TYPE, USER_VALID
  </sql>
  <select id="selectByExample" parameterType="com.yan.dao.model.user.SysUserExample" resultMap="BaseResultMap">
    <!--
      WARNING - @mbg.generated
      This element is automatically generated by MyBatis Generator, do not modify.
      This element was generated on Thu Sep 14 18:04:32 CST 2017.
    -->
    select
    <if test="distinct">
      distinct
    </if>
    <include refid="Base_Column_List" />
    from SYS_USER
    <if test="_parameter != null">
      <include refid="Example_Where_Clause" />
    </if>
    <if test="orderByClause != null">
      order by ${orderByClause}
    </if>
  </select>
  <select id="selectByPrimaryKey" parameterType="com.yan.dao.model.user.SysUserKey" resultMap="BaseResultMap">
    <!--
      WARNING - @mbg.generated
      This element is automatically generated by MyBatis Generator, do not modify.
      This element was generated on Thu Sep 14 18:04:32 CST 2017.
    -->
    select 
    <include refid="Base_Column_List" />
    from SYS_USER
    where USER_ID = #{userId,jdbcType=VARCHAR}
      and USER_CODE = #{userCode,jdbcType=VARCHAR}
  </select>
  <delete id="deleteByPrimaryKey" parameterType="com.yan.dao.model.user.SysUserKey">
    <!--
      WARNING - @mbg.generated
      This element is automatically generated by MyBatis Generator, do not modify.
      This element was generated on Thu Sep 14 18:04:32 CST 2017.
    -->
    delete from SYS_USER
    where USER_ID = #{userId,jdbcType=VARCHAR}
      and USER_CODE = #{userCode,jdbcType=VARCHAR}
  </delete>
  <delete id="deleteByExample" parameterType="com.yan.dao.model.user.SysUserExample">
    <!--
      WARNING - @mbg.generated
      This element is automatically generated by MyBatis Generator, do not modify.
      This element was generated on Thu Sep 14 18:04:32 CST 2017.
    -->
    delete from SYS_USER
    <if test="_parameter != null">
      <include refid="Example_Where_Clause" />
    </if>
  </delete>
  <insert id="insert" parameterType="com.yan.dao.model.user.SysUser">
    <!--
      WARNING - @mbg.generated
      This element is automatically generated by MyBatis Generator, do not modify.
      This element was generated on Thu Sep 14 18:04:32 CST 2017.
    -->
    insert into SYS_USER (USER_ID, USER_CODE, USER_NAME, 
      USER_PASSWORD, USER_ADDRESS, USER_EMAIL, 
      USER_PHONE, USER_BIRTHDAY, USER_JOINDATE, 
      USER_PHOTO, USER_TYPE, USER_VALID
      )
    values (#{userId,jdbcType=VARCHAR}, #{userCode,jdbcType=VARCHAR}, #{userName,jdbcType=VARCHAR}, 
      #{userPassword,jdbcType=VARCHAR}, #{userAddress,jdbcType=VARCHAR}, #{userEmail,jdbcType=VARCHAR}, 
      #{userPhone,jdbcType=VARCHAR}, #{userBirthday,jdbcType=DATE}, #{userJoindate,jdbcType=TIMESTAMP}, 
      #{userPhoto,jdbcType=VARCHAR}, #{userType,jdbcType=VARCHAR}, #{userValid,jdbcType=BIT}
      )
  </insert>
  <insert id="insertSelective" parameterType="com.yan.dao.model.user.SysUser">
    <!--
      WARNING - @mbg.generated
      This element is automatically generated by MyBatis Generator, do not modify.
      This element was generated on Thu Sep 14 18:04:32 CST 2017.
    -->
    insert into SYS_USER
    <trim prefix="(" suffix=")" suffixOverrides=",">
      <if test="userId != null">
        USER_ID,
      </if>
      <if test="userCode != null">
        USER_CODE,
      </if>
      <if test="userName != null">
        USER_NAME,
      </if>
      <if test="userPassword != null">
        USER_PASSWORD,
      </if>
      <if test="userAddress != null">
        USER_ADDRESS,
      </if>
      <if test="userEmail != null">
        USER_EMAIL,
      </if>
      <if test="userPhone != null">
        USER_PHONE,
      </if>
      <if test="userBirthday != null">
        USER_BIRTHDAY,
      </if>
      <if test="userJoindate != null">
        USER_JOINDATE,
      </if>
      <if test="userPhoto != null">
        USER_PHOTO,
      </if>
      <if test="userType != null">
        USER_TYPE,
      </if>
      <if test="userValid != null">
        USER_VALID,
      </if>
    </trim>
    <trim prefix="values (" suffix=")" suffixOverrides=",">
      <if test="userId != null">
        #{userId,jdbcType=VARCHAR},
      </if>
      <if test="userCode != null">
        #{userCode,jdbcType=VARCHAR},
      </if>
      <if test="userName != null">
        #{userName,jdbcType=VARCHAR},
      </if>
      <if test="userPassword != null">
        #{userPassword,jdbcType=VARCHAR},
      </if>
      <if test="userAddress != null">
        #{userAddress,jdbcType=VARCHAR},
      </if>
      <if test="userEmail != null">
        #{userEmail,jdbcType=VARCHAR},
      </if>
      <if test="userPhone != null">
        #{userPhone,jdbcType=VARCHAR},
      </if>
      <if test="userBirthday != null">
        #{userBirthday,jdbcType=DATE},
      </if>
      <if test="userJoindate != null">
        #{userJoindate,jdbcType=TIMESTAMP},
      </if>
      <if test="userPhoto != null">
        #{userPhoto,jdbcType=VARCHAR},
      </if>
      <if test="userType != null">
        #{userType,jdbcType=VARCHAR},
      </if>
      <if test="userValid != null">
        #{userValid,jdbcType=BIT},
      </if>
    </trim>
  </insert>
  <select id="countByExample" parameterType="com.yan.dao.model.user.SysUserExample" resultType="java.lang.Long">
    <!--
      WARNING - @mbg.generated
      This element is automatically generated by MyBatis Generator, do not modify.
      This element was generated on Thu Sep 14 18:04:32 CST 2017.
    -->
    select count(*) from SYS_USER
    <if test="_parameter != null">
      <include refid="Example_Where_Clause" />
    </if>
  </select>
  <update id="updateByExampleSelective" parameterType="map">
    <!--
      WARNING - @mbg.generated
      This element is automatically generated by MyBatis Generator, do not modify.
      This element was generated on Thu Sep 14 18:04:32 CST 2017.
    -->
    update SYS_USER
    <set>
      <if test="record.userId != null">
        USER_ID = #{record.userId,jdbcType=VARCHAR},
      </if>
      <if test="record.userCode != null">
        USER_CODE = #{record.userCode,jdbcType=VARCHAR},
      </if>
      <if test="record.userName != null">
        USER_NAME = #{record.userName,jdbcType=VARCHAR},
      </if>
      <if test="record.userPassword != null">
        USER_PASSWORD = #{record.userPassword,jdbcType=VARCHAR},
      </if>
      <if test="record.userAddress != null">
        USER_ADDRESS = #{record.userAddress,jdbcType=VARCHAR},
      </if>
      <if test="record.userEmail != null">
        USER_EMAIL = #{record.userEmail,jdbcType=VARCHAR},
      </if>
      <if test="record.userPhone != null">
        USER_PHONE = #{record.userPhone,jdbcType=VARCHAR},
      </if>
      <if test="record.userBirthday != null">
        USER_BIRTHDAY = #{record.userBirthday,jdbcType=DATE},
      </if>
      <if test="record.userJoindate != null">
        USER_JOINDATE = #{record.userJoindate,jdbcType=TIMESTAMP},
      </if>
      <if test="record.userPhoto != null">
        USER_PHOTO = #{record.userPhoto,jdbcType=VARCHAR},
      </if>
      <if test="record.userType != null">
        USER_TYPE = #{record.userType,jdbcType=VARCHAR},
      </if>
      <if test="record.userValid != null">
        USER_VALID = #{record.userValid,jdbcType=BIT},
      </if>
    </set>
    <if test="_parameter != null">
      <include refid="Update_By_Example_Where_Clause" />
    </if>
  </update>
  <update id="updateByExample" parameterType="map">
    <!--
      WARNING - @mbg.generated
      This element is automatically generated by MyBatis Generator, do not modify.
      This element was generated on Thu Sep 14 18:04:32 CST 2017.
    -->
    update SYS_USER
    set USER_ID = #{record.userId,jdbcType=VARCHAR},
      USER_CODE = #{record.userCode,jdbcType=VARCHAR},
      USER_NAME = #{record.userName,jdbcType=VARCHAR},
      USER_PASSWORD = #{record.userPassword,jdbcType=VARCHAR},
      USER_ADDRESS = #{record.userAddress,jdbcType=VARCHAR},
      USER_EMAIL = #{record.userEmail,jdbcType=VARCHAR},
      USER_PHONE = #{record.userPhone,jdbcType=VARCHAR},
      USER_BIRTHDAY = #{record.userBirthday,jdbcType=DATE},
      USER_JOINDATE = #{record.userJoindate,jdbcType=TIMESTAMP},
      USER_PHOTO = #{record.userPhoto,jdbcType=VARCHAR},
      USER_TYPE = #{record.userType,jdbcType=VARCHAR},
      USER_VALID = #{record.userValid,jdbcType=BIT}
    <if test="_parameter != null">
      <include refid="Update_By_Example_Where_Clause" />
    </if>
  </update>
  <update id="updateByPrimaryKeySelective" parameterType="com.yan.dao.model.user.SysUser">
    <!--
      WARNING - @mbg.generated
      This element is automatically generated by MyBatis Generator, do not modify.
      This element was generated on Thu Sep 14 18:04:32 CST 2017.
    -->
    update SYS_USER
    <set>
      <if test="userName != null">
        USER_NAME = #{userName,jdbcType=VARCHAR},
      </if>
      <if test="userPassword != null">
        USER_PASSWORD = #{userPassword,jdbcType=VARCHAR},
      </if>
      <if test="userAddress != null">
        USER_ADDRESS = #{userAddress,jdbcType=VARCHAR},
      </if>
      <if test="userEmail != null">
        USER_EMAIL = #{userEmail,jdbcType=VARCHAR},
      </if>
      <if test="userPhone != null">
        USER_PHONE = #{userPhone,jdbcType=VARCHAR},
      </if>
      <if test="userBirthday != null">
        USER_BIRTHDAY = #{userBirthday,jdbcType=DATE},
      </if>
      <if test="userJoindate != null">
        USER_JOINDATE = #{userJoindate,jdbcType=TIMESTAMP},
      </if>
      <if test="userPhoto != null">
        USER_PHOTO = #{userPhoto,jdbcType=VARCHAR},
      </if>
      <if test="userType != null">
        USER_TYPE = #{userType,jdbcType=VARCHAR},
      </if>
      <if test="userValid != null">
        USER_VALID = #{userValid,jdbcType=BIT},
      </if>
    </set>
    where USER_ID = #{userId,jdbcType=VARCHAR}
      and USER_CODE = #{userCode,jdbcType=VARCHAR}
  </update>
  <update id="updateByPrimaryKey" parameterType="com.yan.dao.model.user.SysUser">
    <!--
      WARNING - @mbg.generated
      This element is automatically generated by MyBatis Generator, do not modify.
      This element was generated on Thu Sep 14 18:04:32 CST 2017.
    -->
    update SYS_USER
    set USER_NAME = #{userName,jdbcType=VARCHAR},
      USER_PASSWORD = #{userPassword,jdbcType=VARCHAR},
      USER_ADDRESS = #{userAddress,jdbcType=VARCHAR},
      USER_EMAIL = #{userEmail,jdbcType=VARCHAR},
      USER_PHONE = #{userPhone,jdbcType=VARCHAR},
      USER_BIRTHDAY = #{userBirthday,jdbcType=DATE},
      USER_JOINDATE = #{userJoindate,jdbcType=TIMESTAMP},
      USER_PHOTO = #{userPhoto,jdbcType=VARCHAR},
      USER_TYPE = #{userType,jdbcType=VARCHAR},
      USER_VALID = #{userValid,jdbcType=BIT}
    where USER_ID = #{userId,jdbcType=VARCHAR}
      and USER_CODE = #{userCode,jdbcType=VARCHAR}
  </update>
</mapper>