<?xml version="1.0" encoding="UTF-8"?>
<!DOCTYPE mapper PUBLIC "-//mybatis.org//DTD Mapper 3.0//EN" "http://mybatis.org/dtd/mybatis-3-mapper.dtd">
<mapper namespace="com.yan.dao.mapper.user.UserRoleRelMapper">
  <resultMap id="BaseResultMap" type="com.yan.dao.model.user.UserRoleRel">
    <!--
      WARNING - @mbg.generated
      This element is automatically generated by MyBatis Generator, do not modify.
      This element was generated on Wed Sep 20 16:58:25 CST 2017.
    -->
    <id column="REL_ID" jdbcType="VARCHAR" property="relId" />
    <result column="USER_ID" jdbcType="VARCHAR" property="userId" />
    <result column="ROLE_ID" jdbcType="VARCHAR" property="roleId" />
  </resultMap>
  <sql id="Example_Where_Clause">
    <!--
      WARNING - @mbg.generated
      This element is automatically generated by MyBatis Generator, do not modify.
      This element was generated on Wed Sep 20 16:58:25 CST 2017.
    -->
    <where>
      <foreach collection="oredCriteria" item="criteria" separator="or">
        <if test="criteria.valid">
          <trim prefix="(" prefixOverrides="and" suffix=")">
            <foreach collection="criteria.criteria" item="criterion">
              <choose>
                <when test="criterion.noValue">
                  and ${criterion.condition}
                </when>
                <when test="criterion.singleValue">
                  and ${criterion.condition} #{criterion.value}
                </when>
                <when test="criterion.betweenValue">
                  and ${criterion.condition} #{criterion.value} and #{criterion.secondValue}
                </when>
                <when test="criterion.listValue">
                  and ${criterion.condition}
                  <foreach close=")" collection="criterion.value" item="listItem" open="(" separator=",">
                    #{listItem}
                  </foreach>
                </when>
              </choose>
            </foreach>
          </trim>
        </if>
      </foreach>
    </where>
  </sql>
  <sql id="Update_By_Example_Where_Clause">
    <!--
      WARNING - @mbg.generated
      This element is automatically generated by MyBatis Generator, do not modify.
      This element was generated on Wed Sep 20 16:58:25 CST 2017.
    -->
    <where>
      <foreach collection="example.oredCriteria" item="criteria" separator="or">
        <if test="criteria.valid">
          <trim prefix="(" prefixOverrides="and" suffix=")">
            <foreach collection="criteria.criteria" item="criterion">
              <choose>
                <when test="criterion.noValue">
                  and ${criterion.condition}
                </when>
                <when test="criterion.singleValue">
                  and ${criterion.condition} #{criterion.value}
                </when>
                <when test="criterion.betweenValue">
                  and ${criterion.condition} #{criterion.value} and #{criterion.secondValue}
                </when>
                <when test="criterion.listValue">
                  and ${criterion.condition}
                  <foreach close=")" collection="criterion.value" item="listItem" open="(" separator=",">
                    #{listItem}
                  </foreach>
                </when>
              </choose>
            </foreach>
          </trim>
        </if>
      </foreach>
    </where>
  </sql>
  <sql id="Base_Column_List">
    <!--
      WARNING - @mbg.generated
      This element is automatically generated by MyBatis Generator, do not modify.
      This element was generated on Wed Sep 20 16:58:25 CST 2017.
    -->
    REL_ID, USER_ID, ROLE_ID
  </sql>
  <select id="selectByExample" parameterType="com.yan.dao.model.user.UserRoleRelExample" resultMap="BaseResultMap">
    <!--
      WARNING - @mbg.generated
      This element is automatically generated by MyBatis Generator, do not modify.
      This element was generated on Wed Sep 20 16:58:25 CST 2017.
    -->
    select
    <if test="distinct">
      distinct
    </if>
    <include refid="Base_Column_List" />
    from USER_ROLE_REL
    <if test="_parameter != null">
      <include refid="Example_Where_Clause" />
    </if>
    <if test="orderByClause != null">
      order by ${orderByClause}
    </if>
  </select>
  <select id="selectByPrimaryKey" parameterType="java.lang.String" resultMap="BaseResultMap">
    <!--
      WARNING - @mbg.generated
      This element is automatically generated by MyBatis Generator, do not modify.
      This element was generated on Wed Sep 20 16:58:25 CST 2017.
    -->
    select 
    <include refid="Base_Column_List" />
    from USER_ROLE_REL
    where REL_ID = #{relId,jdbcType=VARCHAR}
  </select>
  <delete id="deleteByPrimaryKey" parameterType="java.lang.String">
    <!--
      WARNING - @mbg.generated
      This element is automatically generated by MyBatis Generator, do not modify.
      This element was generated on Wed Sep 20 16:58:25 CST 2017.
    -->
    delete from USER_ROLE_REL
    where REL_ID = #{relId,jdbcType=VARCHAR}
  </delete>
  <delete id="deleteByExample" parameterType="com.yan.dao.model.user.UserRoleRelExample">
    <!--
      WARNING - @mbg.generated
      This element is automatically generated by MyBatis Generator, do not modify.
      This element was generated on Wed Sep 20 16:58:25 CST 2017.
    -->
    delete from USER_ROLE_REL
    <if test="_parameter != null">
      <include refid="Example_Where_Clause" />
    </if>
  </delete>
  <insert id="insert" parameterType="com.yan.dao.model.user.UserRoleRel">
    <!--
      WARNING - @mbg.generated
      This element is automatically generated by MyBatis Generator, do not modify.
      This element was generated on Wed Sep 20 16:58:25 CST 2017.
    -->
    insert into USER_ROLE_REL (REL_ID, USER_ID, ROLE_ID
      )
    values (#{relId,jdbcType=VARCHAR}, #{userId,jdbcType=VARCHAR}, #{roleId,jdbcType=VARCHAR}
      )
  </insert>
  <insert id="insertSelective" parameterType="com.yan.dao.model.user.UserRoleRel">
    <!--
      WARNING - @mbg.generated
      This element is automatically generated by MyBatis Generator, do not modify.
      This element was generated on Wed Sep 20 16:58:25 CST 2017.
    -->
    insert into USER_ROLE_REL
    <trim prefix="(" suffix=")" suffixOverrides=",">
      <if test="relId != null">
        REL_ID,
      </if>
      <if test="userId != null">
        USER_ID,
      </if>
      <if test="roleId != null">
        ROLE_ID,
      </if>
    </trim>
    <trim prefix="values (" suffix=")" suffixOverrides=",">
      <if test="relId != null">
        #{relId,jdbcType=VARCHAR},
      </if>
      <if test="userId != null">
        #{userId,jdbcType=VARCHAR},
      </if>
      <if test="roleId != null">
        #{roleId,jdbcType=VARCHAR},
      </if>
    </trim>
  </insert>
  <select id="countByExample" parameterType="com.yan.dao.model.user.UserRoleRelExample" resultType="java.lang.Long">
    <!--
      WARNING - @mbg.generated
      This element is automatically generated by MyBatis Generator, do not modify.
      This element was generated on Wed Sep 20 16:58:25 CST 2017.
    -->
    select count(*) from USER_ROLE_REL
    <if test="_parameter != null">
      <include refid="Example_Where_Clause" />
    </if>
  </select>
  <update id="updateByExampleSelective" parameterType="map">
    <!--
      WARNING - @mbg.generated
      This element is automatically generated by MyBatis Generator, do not modify.
      This element was generated on Wed Sep 20 16:58:25 CST 2017.
    -->
    update USER_ROLE_REL
    <set>
      <if test="record.relId != null">
        REL_ID = #{record.relId,jdbcType=VARCHAR},
      </if>
      <if test="record.userId != null">
        USER_ID = #{record.userId,jdbcType=VARCHAR},
      </if>
      <if test="record.roleId != null">
        ROLE_ID = #{record.roleId,jdbcType=VARCHAR},
      </if>
    </set>
    <if test="_parameter != null">
      <include refid="Update_By_Example_Where_Clause" />
    </if>
  </update>
  <update id="updateByExample" parameterType="map">
    <!--
      WARNING - @mbg.generated
      This element is automatically generated by MyBatis Generator, do not modify.
      This element was generated on Wed Sep 20 16:58:25 CST 2017.
    -->
    update USER_ROLE_REL
    set REL_ID = #{record.relId,jdbcType=VARCHAR},
      USER_ID = #{record.userId,jdbcType=VARCHAR},
      ROLE_ID = #{record.roleId,jdbcType=VARCHAR}
    <if test="_parameter != null">
      <include refid="Update_By_Example_Where_Clause" />
    </if>
  </update>
  <update id="updateByPrimaryKeySelective" parameterType="com.yan.dao.model.user.UserRoleRel">
    <!--
      WARNING - @mbg.generated
      This element is automatically generated by MyBatis Generator, do not modify.
      This element was generated on Wed Sep 20 16:58:25 CST 2017.
    -->
    update USER_ROLE_REL
    <set>
      <if test="userId != null">
        USER_ID = #{userId,jdbcType=VARCHAR},
      </if>
      <if test="roleId != null">
        ROLE_ID = #{roleId,jdbcType=VARCHAR},
      </if>
    </set>
    where REL_ID = #{relId,jdbcType=VARCHAR}
  </update>
  <update id="updateByPrimaryKey" parameterType="com.yan.dao.model.user.UserRoleRel">
    <!--
      WARNING - @mbg.generated
      This element is automatically generated by MyBatis Generator, do not modify.
      This element was generated on Wed Sep 20 16:58:25 CST 2017.
    -->
    update USER_ROLE_REL
    set USER_ID = #{userId,jdbcType=VARCHAR},
      ROLE_ID = #{roleId,jdbcType=VARCHAR}
    where REL_ID = #{relId,jdbcType=VARCHAR}
  </update>
</mapper>