<?xml version="1.0" encoding="UTF-8"?>
<beans xmlns="http://www.springframework.org/schema/beans"
	xmlns:xsi="http://www.w3.org/2001/XMLSchema-instance" xmlns:jee="http://www.springframework.org/schema/jee"
	xmlns:tx="http://www.springframework.org/schema/tx" xmlns:dubbo="http://code.alibabatech.com/schema/dubbo"
	xmlns:context="http://www.springframework.org/schema/context"
	xsi:schemaLocation="http://www.springframework.org/schema/beans http://www.springframework.org/schema/beans/spring-beans-3.1.xsd
	http://www.springframework.org/schema/tx http://www.springframework.org/schema/tx/spring-tx-3.1.xsd
	http://www.springframework.org/schema/jee http://www.springframework.org/schema/jee/spring-jee-3.1.xsd
	http://code.alibabatech.com/schema/dubbo http://code.alibabatech.com/schema/dubbo/dubbo.xsd
	http://www.springframework.org/schema/context http://www.springframework.org/schema/context/spring-context-3.1.xsd"
	default-lazy-init="false">
	<bean id="configProperties" class="org.springframework.beans.factory.config.PropertiesFactoryBean">
	        <property name="locations">
	            <list>
	                <value>classpath:/config/properties/app.properties</value>
	            </list>
	        </property>
	    </bean>
	<!-- 提供方应用名称信息，这个相当于起一个名字，我们dubbo管理页面比较清晰是哪个应用暴露出来的 -->
	<dubbo:application name="shop-member" />
	<dubbo:monitor protocol="registry"/>  
	<!-- pig相关服务注册地址 -->
	<dubbo:registry address="zookeeper://127.0.0.1:2181" check="false" id="pig"/>
	<!-- pig用dubbo协议在20880端口暴露服务 -->
	<dubbo:protocol name="dubbo" port="27001" dispatcher="all" threadpool="cached" threads="100" />
	
	
	<dubbo:service interface="com.zs.pig.user.api.service.MemberService" ref="MemberService" registry="pig"/>
	
</beans>

