<?xml version="1.0" encoding="UTF-8" ?>
<!DOCTYPE mapper PUBLIC "-//mybatis.org//DTD Mapper 3.0//EN" "http://mybatis.org/dtd/mybatis-3-mapper.dtd" >
<mapper namespace="com.zs.pig.user.mapper.MemberMapper" >
  <resultMap id="BaseResultMap" type="com.zs.pig.user.api.model.Member" >
    <id column="id" property="id" jdbcType="BIGINT" />
    <result column="username" property="username" jdbcType="VARCHAR" />
    <result column="password" property="password" jdbcType="VARCHAR" />
    <result column="addtime" property="addtime" jdbcType="TIMESTAMP" />
    <result column="phone" property="phone" jdbcType="VARCHAR" />
    <result column="qq" property="qq" jdbcType="VARCHAR" />
    <result column="email" property="email" jdbcType="VARCHAR" />
    <result column="trueName" property="truename" jdbcType="VARCHAR" />
    <result column="gold" property="gold" jdbcType="INTEGER" />
    <result column="status" property="status" jdbcType="INTEGER" />
    <result column="address" property="address" jdbcType="VARCHAR" />
  </resultMap>
  <sql id="Base_Column_List" >
    id, username, password, addtime, phone, qq, email, trueName, gold, status, address
  </sql>
  <select id="selectByPrimaryKey" resultMap="BaseResultMap" parameterType="java.lang.Long" >
    select 
    <include refid="Base_Column_List" />
    from t_member
    where id = #{id,jdbcType=BIGINT}
  </select>
  
  <select id="select" resultMap="BaseResultMap" parameterType="com.zs.pig.user.api.model.Member" >
    select 
    <include refid="Base_Column_List" />
    from t_member where 1=1
    <if test="username != null" >
      and  username = #{username}
      </if>
      <if test="password != null" >
       and  password = #{password}
      </if>
      <if test="addtime != null" >
      and   addtime = #{addtime}
      </if>
      <if test="phone != null" >
      and  phone = #{phone}
      </if>
      <if test="qq != null" >
      and  qq = #{11}
      </if>
      <if test="email != null" >
      and  email = #{email}
      </if>
      <if test="truename != null" >
      and  trueName = #{truename}
      </if>
      <if test="gold != null" >
    and    gold = #{gold}
      </if>
      <if test="status != null" >
     and   status = #{status}
      </if>
  </select>
  
  
  <delete id="deleteByPrimaryKey" parameterType="java.lang.Long" >
    delete from t_member
    where id = #{id,jdbcType=BIGINT}
  </delete>
  <insert id="insert" parameterType="com.zs.pig.user.api.model.Member" >
    insert into t_member (id, username, password, 
      addtime, phone, qq, 
      email, trueName, gold, 
      status, address)
    values (#{id,jdbcType=BIGINT}, #{username,jdbcType=VARCHAR}, #{password,jdbcType=VARCHAR}, 
      #{addtime,jdbcType=TIMESTAMP}, #{phone,jdbcType=VARCHAR}, #{qq,jdbcType=VARCHAR}, 
      #{email,jdbcType=VARCHAR}, #{truename,jdbcType=VARCHAR}, #{gold,jdbcType=INTEGER}, 
      #{status,jdbcType=INTEGER}, #{address,jdbcType=VARCHAR})
  </insert>
  <insert id="insertSelective" parameterType="com.zs.pig.user.api.model.Member" >
    insert into t_member
    <trim prefix="(" suffix=")" suffixOverrides="," >
      <if test="id != null" >
        id,
      </if>
      <if test="username != null" >
        username,
      </if>
      <if test="password != null" >
        password,
      </if>
      <if test="addtime != null" >
        addtime,
      </if>
      <if test="phone != null" >
        phone,
      </if>
      <if test="qq != null" >
        qq,
      </if>
      <if test="email != null" >
        email,
      </if>
      <if test="truename != null" >
        trueName,
      </if>
      <if test="gold != null" >
        gold,
      </if>
      <if test="status != null" >
        status,
      </if>
      <if test="address != null" >
        address,
      </if>
    </trim>
    <trim prefix="values (" suffix=")" suffixOverrides="," >
      <if test="id != null" >
        #{id,jdbcType=BIGINT},
      </if>
      <if test="username != null" >
        #{username,jdbcType=VARCHAR},
      </if>
      <if test="password != null" >
        #{password,jdbcType=VARCHAR},
      </if>
      <if test="addtime != null" >
        #{addtime,jdbcType=TIMESTAMP},
      </if>
      <if test="phone != null" >
        #{phone,jdbcType=VARCHAR},
      </if>
      <if test="qq != null" >
        #{qq,jdbcType=VARCHAR},
      </if>
      <if test="email != null" >
        #{email,jdbcType=VARCHAR},
      </if>
      <if test="truename != null" >
        #{truename,jdbcType=VARCHAR},
      </if>
      <if test="gold != null" >
        #{gold,jdbcType=INTEGER},
      </if>
      <if test="status != null" >
        #{status,jdbcType=INTEGER},
      </if>
      <if test="address != null" >
        #{address,jdbcType=VARCHAR},
      </if>
    </trim>
  </insert>
  <update id="updateByPrimaryKeySelective" parameterType="com.zs.pig.user.api.model.Member" >
    update t_member
    <set >
      <if test="username != null" >
        username = #{username,jdbcType=VARCHAR},
      </if>
      <if test="password != null" >
        password = #{password,jdbcType=VARCHAR},
      </if>
      <if test="addtime != null" >
        addtime = #{addtime,jdbcType=TIMESTAMP},
      </if>
      <if test="phone != null" >
        phone = #{phone,jdbcType=VARCHAR},
      </if>
      <if test="qq != null" >
        qq = #{qq,jdbcType=VARCHAR},
      </if>
      <if test="email != null" >
        email = #{email,jdbcType=VARCHAR},
      </if>
      <if test="truename != null" >
        trueName = #{truename,jdbcType=VARCHAR},
      </if>
      <if test="gold != null" >
        gold = #{gold,jdbcType=INTEGER},
      </if>
      <if test="status != null" >
        status = #{status,jdbcType=INTEGER},
      </if>
      <if test="address != null" >
        address = #{address,jdbcType=VARCHAR},
      </if>
    </set>
    where id = #{id,jdbcType=BIGINT}
  </update>
  <update id="updateByPrimaryKey" parameterType="com.zs.pig.user.api.model.Member" >
    update t_member
    set username = #{username,jdbcType=VARCHAR},
      password = #{password,jdbcType=VARCHAR},
      addtime = #{addtime,jdbcType=TIMESTAMP},
      phone = #{phone,jdbcType=VARCHAR},
      qq = #{qq,jdbcType=VARCHAR},
      email = #{email,jdbcType=VARCHAR},
      trueName = #{truename,jdbcType=VARCHAR},
      gold = #{gold,jdbcType=INTEGER},
      status = #{status,jdbcType=INTEGER},
      address = #{address,jdbcType=VARCHAR}
    where id = #{id,jdbcType=BIGINT}
  </update>
</mapper>