<?xml version="1.0" encoding="UTF-8"?>
<!DOCTYPE mapper PUBLIC "-//mybatis.org//DTD Mapper 3.0//EN" "http://mybatis.org/dtd/mybatis-3-mapper.dtd">
<mapper namespace="com.yan.dao.mapper.menu.SysMenuMapper">
  <resultMap id="BaseResultMap" type="com.yan.dao.model.menu.SysMenu">
    <!--
      WARNING - @mbg.generated
      This element is automatically generated by MyBatis Generator, do not modify.
      This element was generated on Thu Sep 14 18:07:38 CST 2017.
    -->
    <id column="MENU_ID" jdbcType="VARCHAR" property="menuId" />
    <result column="MENU_PID" jdbcType="VARCHAR" property="menuPid" />
    <result column="MENU_NAME" jdbcType="VARCHAR" property="menuName" />
    <result column="MENU_DESCRIBE" jdbcType="VARCHAR" property="menuDescribe" />
    <result column="MENU_URL" jdbcType="VARCHAR" property="menuUrl" />
    <result column="MENU_ICON" jdbcType="VARCHAR" property="menuIcon" />
    <result column="MENU_INDEX" jdbcType="INTEGER" property="menuIndex" />
    <result column="MENU_TYPE" jdbcType="VARCHAR" property="menuType" />
    <result column="MENU_LEVEL" jdbcType="INTEGER" property="menuLevel" />
    <result column="MENU_VALID" jdbcType="BIT" property="menuValid" />
  </resultMap>
  <sql id="Example_Where_Clause">
    <!--
      WARNING - @mbg.generated
      This element is automatically generated by MyBatis Generator, do not modify.
      This element was generated on Thu Sep 14 18:07:38 CST 2017.
    -->
    <where>
      <foreach collection="oredCriteria" item="criteria" separator="or">
        <if test="criteria.valid">
          <trim prefix="(" prefixOverrides="and" suffix=")">
            <foreach collection="criteria.criteria" item="criterion">
              <choose>
                <when test="criterion.noValue">
                  and ${criterion.condition}
                </when>
                <when test="criterion.singleValue">
                  and ${criterion.condition} #{criterion.value}
                </when>
                <when test="criterion.betweenValue">
                  and ${criterion.condition} #{criterion.value} and #{criterion.secondValue}
                </when>
                <when test="criterion.listValue">
                  and ${criterion.condition}
                  <foreach close=")" collection="criterion.value" item="listItem" open="(" separator=",">
                    #{listItem}
                  </foreach>
                </when>
              </choose>
            </foreach>
          </trim>
        </if>
      </foreach>
    </where>
  </sql>
  <sql id="Update_By_Example_Where_Clause">
    <!--
      WARNING - @mbg.generated
      This element is automatically generated by MyBatis Generator, do not modify.
      This element was generated on Thu Sep 14 18:07:38 CST 2017.
    -->
    <where>
      <foreach collection="example.oredCriteria" item="criteria" separator="or">
        <if test="criteria.valid">
          <trim prefix="(" prefixOverrides="and" suffix=")">
            <foreach collection="criteria.criteria" item="criterion">
              <choose>
                <when test="criterion.noValue">
                  and ${criterion.condition}
                </when>
                <when test="criterion.singleValue">
                  and ${criterion.condition} #{criterion.value}
                </when>
                <when test="criterion.betweenValue">
                  and ${criterion.condition} #{criterion.value} and #{criterion.secondValue}
                </when>
                <when test="criterion.listValue">
                  and ${criterion.condition}
                  <foreach close=")" collection="criterion.value" item="listItem" open="(" separator=",">
                    #{listItem}
                  </foreach>
                </when>
              </choose>
            </foreach>
          </trim>
        </if>
      </foreach>
    </where>
  </sql>
  <sql id="Base_Column_List">
    <!--
      WARNING - @mbg.generated
      This element is automatically generated by MyBatis Generator, do not modify.
      This element was generated on Thu Sep 14 18:07:38 CST 2017.
    -->
    MENU_ID, MENU_PID, MENU_NAME, MENU_DESCRIBE, MENU_URL, MENU_ICON, MENU_INDEX, MENU_TYPE, 
    MENU_LEVEL, MENU_VALID
  </sql>
  <select id="selectByExample" parameterType="com.yan.dao.model.menu.SysMenuExample" resultMap="BaseResultMap">
    <!--
      WARNING - @mbg.generated
      This element is automatically generated by MyBatis Generator, do not modify.
      This element was generated on Thu Sep 14 18:07:38 CST 2017.
    -->
    select
    <if test="distinct">
      distinct
    </if>
    <include refid="Base_Column_List" />
    from SYS_MENU
    <if test="_parameter != null">
      <include refid="Example_Where_Clause" />
    </if>
    <if test="orderByClause != null">
      order by ${orderByClause}
    </if>
  </select>
  <select id="selectByPrimaryKey" parameterType="java.lang.String" resultMap="BaseResultMap">
    <!--
      WARNING - @mbg.generated
      This element is automatically generated by MyBatis Generator, do not modify.
      This element was generated on Thu Sep 14 18:07:38 CST 2017.
    -->
    select 
    <include refid="Base_Column_List" />
    from SYS_MENU
    where MENU_ID = #{menuId,jdbcType=VARCHAR}
  </select>
  <delete id="deleteByPrimaryKey" parameterType="java.lang.String">
    <!--
      WARNING - @mbg.generated
      This element is automatically generated by MyBatis Generator, do not modify.
      This element was generated on Thu Sep 14 18:07:38 CST 2017.
    -->
    delete from SYS_MENU
    where MENU_ID = #{menuId,jdbcType=VARCHAR}
  </delete>
  <delete id="deleteByExample" parameterType="com.yan.dao.model.menu.SysMenuExample">
    <!--
      WARNING - @mbg.generated
      This element is automatically generated by MyBatis Generator, do not modify.
      This element was generated on Thu Sep 14 18:07:38 CST 2017.
    -->
    delete from SYS_MENU
    <if test="_parameter != null">
      <include refid="Example_Where_Clause" />
    </if>
  </delete>
  <insert id="insert" parameterType="com.yan.dao.model.menu.SysMenu">
    <!--
      WARNING - @mbg.generated
      This element is automatically generated by MyBatis Generator, do not modify.
      This element was generated on Thu Sep 14 18:07:38 CST 2017.
    -->
    insert into SYS_MENU (MENU_ID, MENU_PID, MENU_NAME, 
      MENU_DESCRIBE, MENU_URL, MENU_ICON, 
      MENU_INDEX, MENU_TYPE, MENU_LEVEL, 
      MENU_VALID)
    values (#{menuId,jdbcType=VARCHAR}, #{menuPid,jdbcType=VARCHAR}, #{menuName,jdbcType=VARCHAR}, 
      #{menuDescribe,jdbcType=VARCHAR}, #{menuUrl,jdbcType=VARCHAR}, #{menuIcon,jdbcType=VARCHAR}, 
      #{menuIndex,jdbcType=INTEGER}, #{menuType,jdbcType=VARCHAR}, #{menuLevel,jdbcType=INTEGER}, 
      #{menuValid,jdbcType=BIT})
  </insert>
  <insert id="insertSelective" parameterType="com.yan.dao.model.menu.SysMenu">
    <!--
      WARNING - @mbg.generated
      This element is automatically generated by MyBatis Generator, do not modify.
      This element was generated on Thu Sep 14 18:07:38 CST 2017.
    -->
    insert into SYS_MENU
    <trim prefix="(" suffix=")" suffixOverrides=",">
      <if test="menuId != null">
        MENU_ID,
      </if>
      <if test="menuPid != null">
        MENU_PID,
      </if>
      <if test="menuName != null">
        MENU_NAME,
      </if>
      <if test="menuDescribe != null">
        MENU_DESCRIBE,
      </if>
      <if test="menuUrl != null">
        MENU_URL,
      </if>
      <if test="menuIcon != null">
        MENU_ICON,
      </if>
      <if test="menuIndex != null">
        MENU_INDEX,
      </if>
      <if test="menuType != null">
        MENU_TYPE,
      </if>
      <if test="menuLevel != null">
        MENU_LEVEL,
      </if>
      <if test="menuValid != null">
        MENU_VALID,
      </if>
    </trim>
    <trim prefix="values (" suffix=")" suffixOverrides=",">
      <if test="menuId != null">
        #{menuId,jdbcType=VARCHAR},
      </if>
      <if test="menuPid != null">
        #{menuPid,jdbcType=VARCHAR},
      </if>
      <if test="menuName != null">
        #{menuName,jdbcType=VARCHAR},
      </if>
      <if test="menuDescribe != null">
        #{menuDescribe,jdbcType=VARCHAR},
      </if>
      <if test="menuUrl != null">
        #{menuUrl,jdbcType=VARCHAR},
      </if>
      <if test="menuIcon != null">
        #{menuIcon,jdbcType=VARCHAR},
      </if>
      <if test="menuIndex != null">
        #{menuIndex,jdbcType=INTEGER},
      </if>
      <if test="menuType != null">
        #{menuType,jdbcType=VARCHAR},
      </if>
      <if test="menuLevel != null">
        #{menuLevel,jdbcType=INTEGER},
      </if>
      <if test="menuValid != null">
        #{menuValid,jdbcType=BIT},
      </if>
    </trim>
  </insert>
  <select id="countByExample" parameterType="com.yan.dao.model.menu.SysMenuExample" resultType="java.lang.Long">
    <!--
      WARNING - @mbg.generated
      This element is automatically generated by MyBatis Generator, do not modify.
      This element was generated on Thu Sep 14 18:07:38 CST 2017.
    -->
    select count(*) from SYS_MENU
    <if test="_parameter != null">
      <include refid="Example_Where_Clause" />
    </if>
  </select>
  <update id="updateByExampleSelective" parameterType="map">
    <!--
      WARNING - @mbg.generated
      This element is automatically generated by MyBatis Generator, do not modify.
      This element was generated on Thu Sep 14 18:07:38 CST 2017.
    -->
    update SYS_MENU
    <set>
      <if test="record.menuId != null">
        MENU_ID = #{record.menuId,jdbcType=VARCHAR},
      </if>
      <if test="record.menuPid != null">
        MENU_PID = #{record.menuPid,jdbcType=VARCHAR},
      </if>
      <if test="record.menuName != null">
        MENU_NAME = #{record.menuName,jdbcType=VARCHAR},
      </if>
      <if test="record.menuDescribe != null">
        MENU_DESCRIBE = #{record.menuDescribe,jdbcType=VARCHAR},
      </if>
      <if test="record.menuUrl != null">
        MENU_URL = #{record.menuUrl,jdbcType=VARCHAR},
      </if>
      <if test="record.menuIcon != null">
        MENU_ICON = #{record.menuIcon,jdbcType=VARCHAR},
      </if>
      <if test="record.menuIndex != null">
        MENU_INDEX = #{record.menuIndex,jdbcType=INTEGER},
      </if>
      <if test="record.menuType != null">
        MENU_TYPE = #{record.menuType,jdbcType=VARCHAR},
      </if>
      <if test="record.menuLevel != null">
        MENU_LEVEL = #{record.menuLevel,jdbcType=INTEGER},
      </if>
      <if test="record.menuValid != null">
        MENU_VALID = #{record.menuValid,jdbcType=BIT},
      </if>
    </set>
    <if test="_parameter != null">
      <include refid="Update_By_Example_Where_Clause" />
    </if>
  </update>
  <update id="updateByExample" parameterType="map">
    <!--
      WARNING - @mbg.generated
      This element is automatically generated by MyBatis Generator, do not modify.
      This element was generated on Thu Sep 14 18:07:38 CST 2017.
    -->
    update SYS_MENU
    set MENU_ID = #{record.menuId,jdbcType=VARCHAR},
      MENU_PID = #{record.menuPid,jdbcType=VARCHAR},
      MENU_NAME = #{record.menuName,jdbcType=VARCHAR},
      MENU_DESCRIBE = #{record.menuDescribe,jdbcType=VARCHAR},
      MENU_URL = #{record.menuUrl,jdbcType=VARCHAR},
      MENU_ICON = #{record.menuIcon,jdbcType=VARCHAR},
      MENU_INDEX = #{record.menuIndex,jdbcType=INTEGER},
      MENU_TYPE = #{record.menuType,jdbcType=VARCHAR},
      MENU_LEVEL = #{record.menuLevel,jdbcType=INTEGER},
      MENU_VALID = #{record.menuValid,jdbcType=BIT}
    <if test="_parameter != null">
      <include refid="Update_By_Example_Where_Clause" />
    </if>
  </update>
  <update id="updateByPrimaryKeySelective" parameterType="com.yan.dao.model.menu.SysMenu">
    <!--
      WARNING - @mbg.generated
      This element is automatically generated by MyBatis Generator, do not modify.
      This element was generated on Thu Sep 14 18:07:38 CST 2017.
    -->
    update SYS_MENU
    <set>
      <if test="menuPid != null">
        MENU_PID = #{menuPid,jdbcType=VARCHAR},
      </if>
      <if test="menuName != null">
        MENU_NAME = #{menuName,jdbcType=VARCHAR},
      </if>
      <if test="menuDescribe != null">
        MENU_DESCRIBE = #{menuDescribe,jdbcType=VARCHAR},
      </if>
      <if test="menuUrl != null">
        MENU_URL = #{menuUrl,jdbcType=VARCHAR},
      </if>
      <if test="menuIcon != null">
        MENU_ICON = #{menuIcon,jdbcType=VARCHAR},
      </if>
      <if test="menuIndex != null">
        MENU_INDEX = #{menuIndex,jdbcType=INTEGER},
      </if>
      <if test="menuType != null">
        MENU_TYPE = #{menuType,jdbcType=VARCHAR},
      </if>
      <if test="menuLevel != null">
        MENU_LEVEL = #{menuLevel,jdbcType=INTEGER},
      </if>
      <if test="menuValid != null">
        MENU_VALID = #{menuValid,jdbcType=BIT},
      </if>
    </set>
    where MENU_ID = #{menuId,jdbcType=VARCHAR}
  </update>
  <update id="updateByPrimaryKey" parameterType="com.yan.dao.model.menu.SysMenu">
    <!--
      WARNING - @mbg.generated
      This element is automatically generated by MyBatis Generator, do not modify.
      This element was generated on Thu Sep 14 18:07:38 CST 2017.
    -->
    update SYS_MENU
    set MENU_PID = #{menuPid,jdbcType=VARCHAR},
      MENU_NAME = #{menuName,jdbcType=VARCHAR},
      MENU_DESCRIBE = #{menuDescribe,jdbcType=VARCHAR},
      MENU_URL = #{menuUrl,jdbcType=VARCHAR},
      MENU_ICON = #{menuIcon,jdbcType=VARCHAR},
      MENU_INDEX = #{menuIndex,jdbcType=INTEGER},
      MENU_TYPE = #{menuType,jdbcType=VARCHAR},
      MENU_LEVEL = #{menuLevel,jdbcType=INTEGER},
      MENU_VALID = #{menuValid,jdbcType=BIT}
    where MENU_ID = #{menuId,jdbcType=VARCHAR}
  </update>
</mapper>