<?xml version="1.0" encoding="UTF-8"?>
<beans xmlns="http://www.springframework.org/schema/beans"
	xmlns:xsi="http://www.w3.org/2001/XMLSchema-instance" xmlns:jee="http://www.springframework.org/schema/jee"
	xmlns:tx="http://www.springframework.org/schema/tx" xmlns:dubbo="http://code.alibabatech.com/schema/dubbo"
	xmlns:context="http://www.springframework.org/schema/context"
	xsi:schemaLocation="http://www.springframework.org/schema/beans http://www.springframework.org/schema/beans/spring-beans-3.1.xsd
	http://www.springframework.org/schema/tx http://www.springframework.org/schema/tx/spring-tx-3.1.xsd
	http://www.springframework.org/schema/jee http://www.springframework.org/schema/jee/spring-jee-3.1.xsd
	http://code.alibabatech.com/schema/dubbo http://code.alibabatech.com/schema/dubbo/dubbo.xsd
	http://www.springframework.org/schema/context http://www.springframework.org/schema/context/spring-context-3.1.xsd"
	default-lazy-init="false">
	
	<!-- 提供方应用名称信息，这个相当于起一个名字，我们dubbo管理页面比较清晰是哪个应用暴露出来的 -->
	<dubbo:application name="pig-blog" />
	<dubbo:monitor protocol="registry"/>  
	<!-- pig相关服务注册地址 -->
	<dubbo:registry address="${zookeeper.address}" check="false" id="pig"/>
	<!-- pig用dubbo协议在20880端口暴露服务 -->
	<dubbo:protocol name="dubbo" port="${dubbo.service.port}" dispatcher="all" threadpool="cached" threads="100" />
	
	
	<dubbo:service interface="com.zs.pig.blog.api.service.BloggerService" ref="BloggerService" registry="pig"/>
	<dubbo:service interface="com.zs.pig.blog.api.service.BlogService" ref="BlogService" registry="pig"/>
	<dubbo:service interface="com.zs.pig.blog.api.service.BlogTypeService" ref="BlogTypeService" registry="pig"/>
	<dubbo:service interface="com.zs.pig.blog.api.service.CommentService" ref="CommentService" registry="pig"/>
	<dubbo:service interface="com.zs.pig.blog.api.service.LinkService" ref="LinkService" registry="pig"/>
	<dubbo:service interface="com.zs.pig.blog.api.service.BlogTemplateService" ref="BlogTemplateService" registry="pig"/>
</beans>

