<?xml version="1.0" encoding="UTF-8"?>
<beans xmlns="http://www.springframework.org/schema/beans"
	xmlns:xsi="http://www.w3.org/2001/XMLSchema-instance" xmlns:jee="http://www.springframework.org/schema/jee"
	xmlns:tx="http://www.springframework.org/schema/tx" xmlns:dubbo="http://code.alibabatech.com/schema/dubbo"
	xmlns:context="http://www.springframework.org/schema/context"
	xsi:schemaLocation="http://www.springframework.org/schema/beans http://www.springframework.org/schema/beans/spring-beans-3.1.xsd
	http://www.springframework.org/schema/tx http://www.springframework.org/schema/tx/spring-tx-3.1.xsd
	http://www.springframework.org/schema/jee http://www.springframework.org/schema/jee/spring-jee-3.1.xsd
	http://code.alibabatech.com/schema/dubbo http://code.alibabatech.com/schema/dubbo/dubbo.xsd
	http://www.springframework.org/schema/context http://www.springframework.org/schema/context/spring-context-3.1.xsd"
	default-lazy-init="false">
	
	<!-- 提供方应用名称信息，这个相当于起一个名字，我们dubbo管理页面比较清晰是哪个应用暴露出来的 -->
	<dubbo:application name="shop-goods"  />
	<dubbo:monitor protocol="registry"/>  
	<!-- pig相关服务注册地址 -->
	<dubbo:registry address="${zookeeper.address}" check="false" id="pig"/>
	<!-- pig用dubbo协议在20880端口暴露服务 -->
	 <dubbo:protocol name="dubbo" port="${dubbo.service.port}" dispatcher="all" threadpool="cached" threads="100" /> 
    <!--<dubbo:protocol name="dubbo" serialization="fst" optimizer="com.alibaba.dubbo.demo.SerializationOptimizerImpl"/>-->

    <!--<dubbo:protocol name="dubbo" serialization="nativejava"/>-->
    <!--<dubbo:protocol name="dubbo" serialization="hessian2"/>-->
    <!--<dubbo:protocol name="dubbo" serialization="fastjson"/>-->
    <!--<dubbo:protocol name="dubbo" serialization="dubbo"/>-->
	
	  <!-- use tomcat server -->
  <!--   <dubbo:protocol name="rest" port="8888" threads="500" contextpath="services" server="tomcat" accepts="500"
                    extension="com.alibaba.dubbo.demo.extension.TraceInterceptor,
                    com.alibaba.dubbo.demo.extension.TraceFilter,
                    com.alibaba.dubbo.demo.extension.ClientTraceFilter,
                    com.alibaba.dubbo.demo.extension.DynamicTraceBinding,
                    com.alibaba.dubbo.demo.extension.CustomExceptionMapper,
                    com.alibaba.dubbo.rpc.protocol.rest.support.LoggingFilter"/> -->
                      <!-- use the external tomcat or other server with the servlet approach; the port and contextpath must be exactly the same as those in external server -->
<!--    <dubbo:protocol name="rest" port="8888" contextpath="services" server="tomcat"/>
<dubbo:annotation package="com.zs.pig.blog.api.service" />
    <dubbo:protocol name="http" port="8889"/>
    <dubbo:protocol name="hessian" port="8890"/>
    <dubbo:protocol name="webservice" port="8892"/> -->
    
     
	<dubbo:service interface="com.zs.pig.goods.api.service.CartService" ref="CartService" registry="pig" protocol="dubbo"/>
	<dubbo:service interface="com.zs.pig.goods.api.service.FloorProductService" ref="FloorProductService" registry="pig" protocol="dubbo"/>
	<dubbo:service interface="com.zs.pig.goods.api.service.FloorService" ref="FloorService" registry="pig" protocol="dubbo"/>
	<dubbo:service interface="com.zs.pig.goods.api.service.GoodsOrderService" ref="GoodsOrderService" registry="pig" protocol="dubbo"/>
	<dubbo:service interface="com.zs.pig.goods.api.service.ProductClassService" ref="ProductClassService" registry="pig" protocol="dubbo"/>
	<dubbo:service interface="com.zs.pig.goods.api.service.ProductService" ref="ProductService" registry="pig" protocol="dubbo"/>
	<dubbo:service interface="com.zs.pig.goods.api.service.ProductTypeService" ref="ProductTypeService" registry="pig" protocol="dubbo"/>
	<dubbo:service interface="com.zs.pig.goods.api.service.ReplyService" ref="ReplyService" registry="pig" protocol="dubbo"/>
	<dubbo:service interface="com.zs.pig.goods.api.service.ArticleService" ref="ArticleService" registry="pig" protocol="dubbo"/>
	
</beans>

