<?xml version="1.0" encoding="UTF-8"?>
<beans xmlns="http://www.springframework.org/schema/beans"
	xmlns:xsi="http://www.w3.org/2001/XMLSchema-instance" xmlns:tx="http://www.springframework.org/schema/tx"
	xmlns:context="http://www.springframework.org/schema/context"
	xmlns:aop="http://www.springframework.org/schema/aop"
	xsi:schemaLocation="http://www.springframework.org/schema/beans   
    http://www.springframework.org/schema/beans/spring-beans-3.1.xsd   
    http://www.springframework.org/schema/tx   
    http://www.springframework.org/schema/tx/spring-tx-3.1.xsd  
    http://www.springframework.org/schema/context  
    http://www.springframework.org/schema/context/spring-context-3.1.xsd  
    http://www.springframework.org/schema/aop  
   	http://www.springframework.org/schema/aop/spring-aop.xsd">

	<bean name="genericObjectPoolConfig" class="org.apache.commons.pool2.impl.GenericObjectPoolConfig">
		<property name="maxWaitMillis" value="${redis.pool.maxWaitMillis}" />
		<property name="maxTotal" value="${redis.pool.maxTotal}" />
		<property name="minIdle" value="${redis.pool.minIdle}" />
		<property name="maxIdle" value="${redis.pool.maxIdle}" />
	</bean>

	<bean id="jedisCluster" class="com.join.test.redis.JedisClusterFactory">
		<property name="addressConfig">
			<value>classpath:redis-cluster.properties</value>
		</property>
		
		<property name="addressKeyPrefix" value="address" />   <!-- 属性文件里 key的前缀 -->
		<property name="timeout" value="${redis.timeout}" />
		<property name="maxRedirections" value="${redis.maxRedirections}" />
		<property name="genericObjectPoolConfig" ref="genericObjectPoolConfig" />
	</bean>
	
	<bean id="jedis" class="com.join.test.redis.JedisClusters" />

</beans>
