<?xml version="1.0" encoding="UTF-8"?>  
<beans xmlns="http://www.springframework.org/schema/beans"  
    xmlns:xsi="http://www.w3.org/2001/XMLSchema-instance" xmlns:p="http://www.springframework.org/schema/p"  
    xmlns:context="http://www.springframework.org/schema/context"  
    xmlns:jee="http://www.springframework.org/schema/jee" xmlns:tx="http://www.springframework.org/schema/tx"  
    xmlns:aop="http://www.springframework.org/schema/aop"  
    xsi:schemaLocation="  
            http://www.springframework.org/schema/beans http://www.springframework.org/schema/beans/spring-beans.xsd  
            http://www.springframework.org/schema/context http://www.springframework.org/schema/context/spring-context.xsd">  
  
    <bean id="poolConfig" class="redis.clients.jedis.JedisPoolConfig">  
        <property name="maxIdle" value="${redis.pool.maxIdle}" />  
        <property name="maxTotal" value="${redis.pool.maxTotal}" />  
        <property name="maxWaitMillis" value="${redis.pool.maxWaitMillis}" />  
        <property name="testOnBorrow" value="${redis.pool.testOnBorrow}" />  
    </bean>  
      
    <bean id="jedisConnectionFactory" class="org.springframework.data.redis.connection.jedis.JedisConnectionFactory"  
        p:host-name="${redis.hostName}" p:port="${redis.port}" p:password="${redis.password}"  p:pool-config-ref="poolConfig"/>  
      
    <bean id="redisTemplate" class="org.springframework.data.redis.core.RedisTemplate"
		p:connection-factory-ref="jedisConnectionFactory">
		<property name="keySerializer">
			<bean class="org.springframework.data.redis.serializer.StringRedisSerializer"/>
		</property>
		<property name="hashKeySerializer">
			<bean class="org.springframework.data.redis.serializer.StringRedisSerializer"/>
		</property>
	</bean>
	
	<bean id="stringRedisTemplate" class="org.springframework.data.redis.core.StringRedisTemplate"
		p:connection-factory-ref="jedisConnectionFactory">
	</bean>
	
    <bean id="jedis" class="com.join.test.redis.JedisSinglePoint" />
      
</beans> 