<?xml version="1.0" encoding="UTF-8"?>
<beans xmlns="http://www.springframework.org/schema/beans"
	xmlns:xsi="http://www.w3.org/2001/XMLSchema-instance" xmlns:tx="http://www.springframework.org/schema/tx"
	xmlns:context="http://www.springframework.org/schema/context"
	xmlns:aop="http://www.springframework.org/schema/aop"
	xsi:schemaLocation="
		http://www.springframework.org/schema/beans 
		http://www.springframework.org/schema/beans/spring-beans.xsd 
		http://www.springframework.org/schema/tx 
		http://www.springframework.org/schema/tx/spring-tx.xsd 
		http://www.springframework.org/schema/context 
		http://www.springframework.org/schema/context/spring-context.xsd
		http://www.springframework.org/schema/aop
		http://www.springframework.org/schema/aop/spring-aop.xsd"
	default-lazy-init="false">
	
	<!-- 声明式事务管理 -->
	<bean id="transactionManager"
		class="org.springframework.jdbc.datasource.DataSourceTransactionManager">
		<property name="dataSource" ref="dataSource" />
	</bean>
	<tx:advice id="userTxAdvice" transaction-manager="transactionManager">
		<tx:attributes>
			<tx:method name="insert*" propagation="REQUIRED" read-only="false"
				isolation="READ_COMMITTED" rollback-for="java.lang.Exception" />
			<tx:method name="save*" propagation="REQUIRED" read-only="false"
				isolation="READ_COMMITTED" rollback-for="java.lang.Exception" />
			<tx:method name="add*" propagation="REQUIRED" read-only="false"
				isolation="READ_COMMITTED" rollback-for="java.lang.Exception" />
			<tx:method name="update*" propagation="REQUIRED" read-only="false"
				isolation="READ_COMMITTED" rollback-for="java.lang.Exception" />
			<tx:method name="delete*" propagation="REQUIRED" read-only="false"
				isolation="READ_COMMITTED" rollback-for="java.lang.Exception" />
			<tx:method name="remove*" propagation="REQUIRED" read-only="false"
				isolation="READ_COMMITTED" rollback-for="java.lang.Exception" />
			<!-- <tx:method name="*" read-only="true" rollback-for="java.lang.Exception" /> -->
		</tx:attributes>
	</tx:advice>
	<aop:config expose-proxy="true" proxy-target-class="true">
		<aop:pointcut id="pc" expression="execution(* com.zs.pig.goods.service.*.*(..))" />
		<aop:advisor pointcut-ref="pc" advice-ref="userTxAdvice" />
		
		<!-- 将切面应用到自定义的切面处理器上，-9999保证该切面优先级最高执行 -->
		<aop:aspect ref="dataSourceAspect" order="-9999">
			<aop:before method="before" pointcut-ref="pc" />
		</aop:aspect>
	</aop:config>
	
	<tx:annotation-driven proxy-target-class="true" transaction-manager="transactionManager"/>

	<!-- 定义AOP切面处理器 mysql主从-->
	<bean class="com.zs.pig.goods.datasource.DataSourceAspect" id="dataSourceAspect" />
	
	
</beans>