<?xml version="1.0" encoding="UTF-8"?>
<beans xmlns="http://www.springframework.org/schema/beans"
	xmlns:xsi="http://www.w3.org/2001/XMLSchema-instance"
	xsi:schemaLocation="
		http://www.springframework.org/schema/beans 
		http://www.springframework.org/schema/beans/spring-beans.xsd">

	<!-- 数据源druid的配置 -->
	 <bean id="dataSource" class="com.alibaba.druid.pool.DruidDataSource"
		init-method="init" destroy-method="close">
		<property name="url" value="${connection.url}" />
		<property name="username" value="${connection.username}" />
		<property name="password" value="${connection.password}" />

		<property name="initialSize" value="${druid.initialSize}" />
		<property name="minIdle" value="${druid.minIdle}" />
		<property name="maxActive" value="${druid.maxActive}" />

		<property name="maxWait" value="${druid.maxWait}" />

		<property name="timeBetweenEvictionRunsMillis" value="${druid.timeBetweenEvictionRunsMillis}" />

		<property name="minEvictableIdleTimeMillis" value="${druid.minEvictableIdleTimeMillis}" />

		<property name="validationQuery" value="${druid.validationQuery}" />
		<property name="testWhileIdle" value="${druid.testWhileIdle}" />
		<property name="testOnBorrow" value="${druid.testOnBorrow}" />
		<property name="testOnReturn" value="${druid.testOnReturn}" />

		<!-- 打开PSCache，并且指定每个连接上PSCache的大小  如果用Oracle，则把poolPreparedStatements配置为true，mysql可以配置为false。 -->
		<property name="poolPreparedStatements" value="${druid.poolPreparedStatements}" />
		<property name="maxPoolPreparedStatementPerConnectionSize" value="${druid.maxPoolPreparedStatementPerConnectionSize}" />

		<property name="filters" value="${druid.filters}" />
	</bean>

	<!-- 配置连接池 -->
	
</beans>