<?xml version="1.0" encoding="UTF-8" ?>  
<!DOCTYPE mapper PUBLIC "-//mybatis.org//DTD Mapper 3.0//EN" "http://mybatis.org/dtd/mybatis-3-mapper.dtd">
<mapper namespace="com.zs.pig.goods.mapper.FloorMapper">

	<sql id="prjFloorColumns">
		id,name,typesort,parent_id,parent_ids,title,del_flag
	</sql>
	<select id="findGoodsIdsByFloorId" resultType="java.lang.Long">
		select productid from t_floor_product where floorid = #{id}
	</select>
	
	<delete id="deleteFloorGoodsIdsByFloorId">
		delete from t_floor_product where floorid = #{id}
	</delete>
	
	<insert id="insertFloorGoodsIdsByFloorId">
		insert into t_floor_product (floorid,productid) values 
		<foreach collection="goodsIds" index="index" item="goodsId" separator=",">
			(#{id},#{goodsId,jdbcType=NUMERIC})
		</foreach>
	</insert>
</mapper>
