<?xml version="1.0" encoding="UTF-8"?>
<!DOCTYPE mapper PUBLIC "-//mybatis.org//DTD Mapper 3.0//EN" "http://mybatis.org/dtd/mybatis-3-mapper.dtd">
<mapper namespace="com.yan.dao.mapper.role.SysRoleMapper">
  <resultMap id="BaseResultMap" type="com.yan.dao.model.role.SysRole">
    <!--
      WARNING - @mbg.generated
      This element is automatically generated by MyBatis Generator, do not modify.
      This element was generated on Tue Sep 19 11:14:34 CST 2017.
    -->
    <id column="ROLE_ID" jdbcType="VARCHAR" property="roleId" />
    <result column="ROLE_PID" jdbcType="VARCHAR" property="rolePid" />
    <result column="ROLE_NAME" jdbcType="VARCHAR" property="roleName" />
    <result column="ROLE_INDEX" jdbcType="INTEGER" property="roleIndex" />
    <result column="ROLE_TYPE" jdbcType="VARCHAR" property="roleType" />
    <result column="ROLE_LEVEL" jdbcType="INTEGER" property="roleLevel" />
    <result column="ROLE_VALID" jdbcType="BIT" property="roleValid" />
  </resultMap>
  <sql id="Example_Where_Clause">
    <!--
      WARNING - @mbg.generated
      This element is automatically generated by MyBatis Generator, do not modify.
      This element was generated on Tue Sep 19 11:14:34 CST 2017.
    -->
    <where>
      <foreach collection="oredCriteria" item="criteria" separator="or">
        <if test="criteria.valid">
          <trim prefix="(" prefixOverrides="and" suffix=")">
            <foreach collection="criteria.criteria" item="criterion">
              <choose>
                <when test="criterion.noValue">
                  and ${criterion.condition}
                </when>
                <when test="criterion.singleValue">
                  and ${criterion.condition} #{criterion.value}
                </when>
                <when test="criterion.betweenValue">
                  and ${criterion.condition} #{criterion.value} and #{criterion.secondValue}
                </when>
                <when test="criterion.listValue">
                  and ${criterion.condition}
                  <foreach close=")" collection="criterion.value" item="listItem" open="(" separator=",">
                    #{listItem}
                  </foreach>
                </when>
              </choose>
            </foreach>
          </trim>
        </if>
      </foreach>
    </where>
  </sql>
  <sql id="Update_By_Example_Where_Clause">
    <!--
      WARNING - @mbg.generated
      This element is automatically generated by MyBatis Generator, do not modify.
      This element was generated on Tue Sep 19 11:14:34 CST 2017.
    -->
    <where>
      <foreach collection="example.oredCriteria" item="criteria" separator="or">
        <if test="criteria.valid">
          <trim prefix="(" prefixOverrides="and" suffix=")">
            <foreach collection="criteria.criteria" item="criterion">
              <choose>
                <when test="criterion.noValue">
                  and ${criterion.condition}
                </when>
                <when test="criterion.singleValue">
                  and ${criterion.condition} #{criterion.value}
                </when>
                <when test="criterion.betweenValue">
                  and ${criterion.condition} #{criterion.value} and #{criterion.secondValue}
                </when>
                <when test="criterion.listValue">
                  and ${criterion.condition}
                  <foreach close=")" collection="criterion.value" item="listItem" open="(" separator=",">
                    #{listItem}
                  </foreach>
                </when>
              </choose>
            </foreach>
          </trim>
        </if>
      </foreach>
    </where>
  </sql>
  <sql id="Base_Column_List">
    <!--
      WARNING - @mbg.generated
      This element is automatically generated by MyBatis Generator, do not modify.
      This element was generated on Tue Sep 19 11:14:34 CST 2017.
    -->
    ROLE_ID, ROLE_PID, ROLE_NAME, ROLE_INDEX, ROLE_TYPE, ROLE_LEVEL, ROLE_VALID
  </sql>
  <select id="selectByExample" parameterType="com.yan.dao.model.role.SysRoleExample" resultMap="BaseResultMap">
    <!--
      WARNING - @mbg.generated
      This element is automatically generated by MyBatis Generator, do not modify.
      This element was generated on Tue Sep 19 11:14:34 CST 2017.
    -->
    select
    <if test="distinct">
      distinct
    </if>
    <include refid="Base_Column_List" />
    from SYS_ROLE
    <if test="_parameter != null">
      <include refid="Example_Where_Clause" />
    </if>
    <if test="orderByClause != null">
      order by ${orderByClause}
    </if>
  </select>
  <select id="selectByPrimaryKey" parameterType="java.lang.String" resultMap="BaseResultMap">
    <!--
      WARNING - @mbg.generated
      This element is automatically generated by MyBatis Generator, do not modify.
      This element was generated on Tue Sep 19 11:14:34 CST 2017.
    -->
    select 
    <include refid="Base_Column_List" />
    from SYS_ROLE
    where ROLE_ID = #{roleId,jdbcType=VARCHAR}
  </select>
  <delete id="deleteByPrimaryKey" parameterType="java.lang.String">
    <!--
      WARNING - @mbg.generated
      This element is automatically generated by MyBatis Generator, do not modify.
      This element was generated on Tue Sep 19 11:14:34 CST 2017.
    -->
    delete from SYS_ROLE
    where ROLE_ID = #{roleId,jdbcType=VARCHAR}
  </delete>
  <delete id="deleteByExample" parameterType="com.yan.dao.model.role.SysRoleExample">
    <!--
      WARNING - @mbg.generated
      This element is automatically generated by MyBatis Generator, do not modify.
      This element was generated on Tue Sep 19 11:14:34 CST 2017.
    -->
    delete from SYS_ROLE
    <if test="_parameter != null">
      <include refid="Example_Where_Clause" />
    </if>
  </delete>
  <insert id="insert" parameterType="com.yan.dao.model.role.SysRole">
    <!--
      WARNING - @mbg.generated
      This element is automatically generated by MyBatis Generator, do not modify.
      This element was generated on Tue Sep 19 11:14:34 CST 2017.
    -->
    insert into SYS_ROLE (ROLE_ID, ROLE_PID, ROLE_NAME, 
      ROLE_INDEX, ROLE_TYPE, ROLE_LEVEL, 
      ROLE_VALID)
    values (#{roleId,jdbcType=VARCHAR}, #{rolePid,jdbcType=VARCHAR}, #{roleName,jdbcType=VARCHAR}, 
      #{roleIndex,jdbcType=INTEGER}, #{roleType,jdbcType=VARCHAR}, #{roleLevel,jdbcType=INTEGER}, 
      #{roleValid,jdbcType=BIT})
  </insert>
  <insert id="insertSelective" parameterType="com.yan.dao.model.role.SysRole">
    <!--
      WARNING - @mbg.generated
      This element is automatically generated by MyBatis Generator, do not modify.
      This element was generated on Tue Sep 19 11:14:34 CST 2017.
    -->
    insert into SYS_ROLE
    <trim prefix="(" suffix=")" suffixOverrides=",">
      <if test="roleId != null">
        ROLE_ID,
      </if>
      <if test="rolePid != null">
        ROLE_PID,
      </if>
      <if test="roleName != null">
        ROLE_NAME,
      </if>
      <if test="roleIndex != null">
        ROLE_INDEX,
      </if>
      <if test="roleType != null">
        ROLE_TYPE,
      </if>
      <if test="roleLevel != null">
        ROLE_LEVEL,
      </if>
      <if test="roleValid != null">
        ROLE_VALID,
      </if>
    </trim>
    <trim prefix="values (" suffix=")" suffixOverrides=",">
      <if test="roleId != null">
        #{roleId,jdbcType=VARCHAR},
      </if>
      <if test="rolePid != null">
        #{rolePid,jdbcType=VARCHAR},
      </if>
      <if test="roleName != null">
        #{roleName,jdbcType=VARCHAR},
      </if>
      <if test="roleIndex != null">
        #{roleIndex,jdbcType=INTEGER},
      </if>
      <if test="roleType != null">
        #{roleType,jdbcType=VARCHAR},
      </if>
      <if test="roleLevel != null">
        #{roleLevel,jdbcType=INTEGER},
      </if>
      <if test="roleValid != null">
        #{roleValid,jdbcType=BIT},
      </if>
    </trim>
  </insert>
  <select id="countByExample" parameterType="com.yan.dao.model.role.SysRoleExample" resultType="java.lang.Long">
    <!--
      WARNING - @mbg.generated
      This element is automatically generated by MyBatis Generator, do not modify.
      This element was generated on Tue Sep 19 11:14:34 CST 2017.
    -->
    select count(*) from SYS_ROLE
    <if test="_parameter != null">
      <include refid="Example_Where_Clause" />
    </if>
  </select>
  <update id="updateByExampleSelective" parameterType="map">
    <!--
      WARNING - @mbg.generated
      This element is automatically generated by MyBatis Generator, do not modify.
      This element was generated on Tue Sep 19 11:14:34 CST 2017.
    -->
    update SYS_ROLE
    <set>
      <if test="record.roleId != null">
        ROLE_ID = #{record.roleId,jdbcType=VARCHAR},
      </if>
      <if test="record.rolePid != null">
        ROLE_PID = #{record.rolePid,jdbcType=VARCHAR},
      </if>
      <if test="record.roleName != null">
        ROLE_NAME = #{record.roleName,jdbcType=VARCHAR},
      </if>
      <if test="record.roleIndex != null">
        ROLE_INDEX = #{record.roleIndex,jdbcType=INTEGER},
      </if>
      <if test="record.roleType != null">
        ROLE_TYPE = #{record.roleType,jdbcType=VARCHAR},
      </if>
      <if test="record.roleLevel != null">
        ROLE_LEVEL = #{record.roleLevel,jdbcType=INTEGER},
      </if>
      <if test="record.roleValid != null">
        ROLE_VALID = #{record.roleValid,jdbcType=BIT},
      </if>
    </set>
    <if test="_parameter != null">
      <include refid="Update_By_Example_Where_Clause" />
    </if>
  </update>
  <update id="updateByExample" parameterType="map">
    <!--
      WARNING - @mbg.generated
      This element is automatically generated by MyBatis Generator, do not modify.
      This element was generated on Tue Sep 19 11:14:34 CST 2017.
    -->
    update SYS_ROLE
    set ROLE_ID = #{record.roleId,jdbcType=VARCHAR},
      ROLE_PID = #{record.rolePid,jdbcType=VARCHAR},
      ROLE_NAME = #{record.roleName,jdbcType=VARCHAR},
      ROLE_INDEX = #{record.roleIndex,jdbcType=INTEGER},
      ROLE_TYPE = #{record.roleType,jdbcType=VARCHAR},
      ROLE_LEVEL = #{record.roleLevel,jdbcType=INTEGER},
      ROLE_VALID = #{record.roleValid,jdbcType=BIT}
    <if test="_parameter != null">
      <include refid="Update_By_Example_Where_Clause" />
    </if>
  </update>
  <update id="updateByPrimaryKeySelective" parameterType="com.yan.dao.model.role.SysRole">
    <!--
      WARNING - @mbg.generated
      This element is automatically generated by MyBatis Generator, do not modify.
      This element was generated on Tue Sep 19 11:14:34 CST 2017.
    -->
    update SYS_ROLE
    <set>
      <if test="rolePid != null">
        ROLE_PID = #{rolePid,jdbcType=VARCHAR},
      </if>
      <if test="roleName != null">
        ROLE_NAME = #{roleName,jdbcType=VARCHAR},
      </if>
      <if test="roleIndex != null">
        ROLE_INDEX = #{roleIndex,jdbcType=INTEGER},
      </if>
      <if test="roleType != null">
        ROLE_TYPE = #{roleType,jdbcType=VARCHAR},
      </if>
      <if test="roleLevel != null">
        ROLE_LEVEL = #{roleLevel,jdbcType=INTEGER},
      </if>
      <if test="roleValid != null">
        ROLE_VALID = #{roleValid,jdbcType=BIT},
      </if>
    </set>
    where ROLE_ID = #{roleId,jdbcType=VARCHAR}
  </update>
  <update id="updateByPrimaryKey" parameterType="com.yan.dao.model.role.SysRole">
    <!--
      WARNING - @mbg.generated
      This element is automatically generated by MyBatis Generator, do not modify.
      This element was generated on Tue Sep 19 11:14:34 CST 2017.
    -->
    update SYS_ROLE
    set ROLE_PID = #{rolePid,jdbcType=VARCHAR},
      ROLE_NAME = #{roleName,jdbcType=VARCHAR},
      ROLE_INDEX = #{roleIndex,jdbcType=INTEGER},
      ROLE_TYPE = #{roleType,jdbcType=VARCHAR},
      ROLE_LEVEL = #{roleLevel,jdbcType=INTEGER},
      ROLE_VALID = #{roleValid,jdbcType=BIT}
    where ROLE_ID = #{roleId,jdbcType=VARCHAR}
  </update>
</mapper>