<?xml version="1.0" encoding="UTF-8"?>
<beans xmlns="http://www.springframework.org/schema/beans"
	xmlns:xsi="http://www.w3.org/2001/XMLSchema-instance" xmlns:aop="http://www.springframework.org/schema/aop"
	xmlns:context="http://www.springframework.org/schema/context"
	xsi:schemaLocation="
       http://www.springframework.org/schema/beans http://www.springframework.org/schema/beans/spring-beans.xsd
       	http://www.springframework.org/schema/aop http://www.springframework.org/schema/aop/spring-aop.xsd
       	http://www.springframework.org/schema/context http://www.springframework.org/schema/context/spring-context.xsd
       	">
	<!-- 注解扫描 -->
	<context:component-scan base-package="com.zs.pig.blog;com.zs.pig.common" />
	<!-- 属性文件加载 -->
	<!-- <context:property-placeholder location="classpath:/config/properties/app.properties" /> -->
	<bean id="configProperties" class="org.springframework.beans.factory.config.PropertiesFactoryBean">
	        <property name="locations">
	            <list>
	                <value>classpath:/config/properties/app.properties</value>
	            </list>
	        </property>
	    </bean>
	
	    <bean id="propertyConfigurer" class="org.springframework.beans.factory.config.PreferencesPlaceholderConfigurer">
	        <property name="properties" ref="configProperties" />
	    </bean>
	<!-- 数据库配置 -->
	
	  
	  <import resource="classpath*:/config/spring/spring-config-datasource.xml" /> 
	  <import resource="classpath*:/config/spring/spring-config-mybatis.xml" /> 
	 <import resource="classpath*:/config/spring/spring-config-tx.xml" /> 


	<!-- dubbo 配置 -->
	 <import resource="classpath*:/config/dubbo/blog-provider.xml" />
	<!--<import resource="classpath*:/config/dubbo/inf-consumer.xml" /> -->
	 <import resource="classpath*:/config/spring/brave-dubbo.xml" />
	
	<!-- 定时任务配置  -->
	 <!-- <import resource="classpath*:/schedule-quartz.xml" /> -->
	 <!--  <bean id="brave" class="com.github.kristofa.brave.dubbo.BraveFactoryBean" p:serviceName="provider" p:spanCollector-ref="httpSpanCollector" />
     <bean id="defaultSpanNameProvider" class="com.github.kristofa.brave.dubbo.support.DefaultSpanNameProvider" />
     <bean id="dubboStringServiceNameProvider" class="com.github.kristofa.brave.dubbo.support.DefaultServerNameProvider" />

     <bean id="httpSpanCollector" class="com.github.kristofa.brave.http.HttpSpanCollector" factory-method="create">
          <constructor-arg type="java.lang.String" value="http://10.168.16.111:9411/" />
          <constructor-arg type="com.github.kristofa.brave.SpanCollectorMetricsHandler" ref="testMetricsHander" />
     </bean>

     <bean id="testMetricsHander" class="com.github.kristofa.brave.EmptySpanCollectorMetricsHandler" /> -->
     <!-- 
	  <bean id="brave" class="com.github.kristofa.brave.dubbo.BraveFactoryBean" p:serviceName="zspig-blog" p:zipkinHost="http://localhost:9411/" p:rate="1.0" /> -->
</beans>